,equity
2024-07-18 07:30:00+00:00,9936.510963984794
2024-07-18 08:15:00+00:00,9954.164963984796
2024-07-18 18:00:00+00:00,9897.774714388372
2024-07-19 00:45:00+00:00,9840.945013297118
2024-07-19 06:45:00+00:00,9780.640021414385
2024-07-19 10:30:00+00:00,9803.466521414399
2024-07-19 12:45:00+00:00,9822.459021414397
2024-07-22 01:45:00+00:00,9941.168521414393
2024-07-22 06:30:00+00:00,9981.344521414387
2024-07-22 08:00:00+00:00,10006.446521414382
2024-07-22 10:00:00+00:00,10038.378521414377
2024-07-22 14:15:00+00:00,9980.296086298706
2024-07-23 03:15:00+00:00,9915.90091445884
2024-07-23 04:45:00+00:00,9937.862414458834
2024-07-23 07:15:00+00:00,9873.637432355617
2024-07-23 09:00:00+00:00,9812.90245778768
2024-07-24 02:15:00+00:00,9747.546122189471
2024-07-24 05:00:00+00:00,9797.274122189474
2024-07-24 06:30:00+00:00,9838.358622189451
2024-07-24 10:15:00+00:00,9905.777622189446
2024-07-25 04:45:00+00:00,9928.938622189447
2024-07-25 07:45:00+00:00,9953.050122189456
2024-07-25 09:30:00+00:00,9897.483959597423
2024-07-25 14:15:00+00:00,9924.641459597427
2024-07-26 01:30:00+00:00,9861.925789332929
2024-07-26 07:00:00+00:00,9933.909289332923
2024-07-26 07:15:00+00:00,9869.38794655603
2024-07-26 07:45:00+00:00,9807.888011286599
2024-07-29 01:30:00+00:00,9747.6627975658
2024-07-29 04:30:00+00:00,9805.850297565781
2024-07-29 11:45:00+00:00,9747.641951049805
2024-07-29 14:15:00+00:00,9692.150605391376
2024-07-30 03:45:00+00:00,9724.150605391374
2024-07-30 06:00:00+00:00,9761.410605391384
2024-07-30 10:00:00+00:00,9704.76593722791
2024-07-30 11:45:00+00:00,9738.281937227903
2024-07-31 02:00:00+00:00,9676.321339974993
2024-07-31 02:30:00+00:00,9616.658137561752
2024-07-31 06:00:00+00:00,9673.936637561757
2024-07-31 07:45:00+00:00,9688.51663756175
2024-08-01 02:15:00+00:00,9686.379137561744
2024-08-01 09:00:00+00:00,9631.864749655571
2024-08-01 14:45:00+00:00,9659.794749655573
2024-08-02 00:45:00+00:00,9653.277249655584
2024-08-02 05:45:00+00:00,9594.814675191423
2024-08-02 06:45:00+00:00,9654.775675191411
2024-08-02 09:00:00+00:00,9600.725238805979
2024-08-05 05:45:00+00:00,9645.589738805971
2024-08-05 07:00:00+00:00,9672.91373880597
2024-08-05 08:15:00+00:00,9622.269870214242
2024-08-05 12:30:00+00:00,9573.05359822784
2024-08-06 00:45:00+00:00,9574.263598227832
2024-08-06 01:30:00+00:00,9595.622598227847
2024-08-06 07:45:00+00:00,9541.058226700196
2024-08-06 09:00:00+00:00,9488.257292655124
2024-08-07 00:45:00+00:00,9498.691292655129
2024-08-07 05:00:00+00:00,9444.33266037538
2024-08-07 09:00:00+00:00,9485.72366037538
2024-08-07 16:45:00+00:00,9529.741660375374
2024-08-08 01:15:00+00:00,9544.481660375373
2024-08-08 06:00:00+00:00,9487.844738240194
2024-08-08 06:45:00+00:00,9431.670572585195
2024-08-08 07:45:00+00:00,9442.838572585186
2024-08-09 01:15:00+00:00,9464.365572585166
2024-08-09 06:30:00+00:00,9405.73136832972
2024-08-09 07:45:00+00:00,9434.58986832972
2024-08-09 13:15:00+00:00,9465.376368329731
2024-08-12 03:15:00+00:00,9505.656368329725
2024-08-12 08:00:00+00:00,9516.436368329718
2024-08-12 11:30:00+00:00,9548.786868329706
2024-08-12 16:15:00+00:00,9564.178868329716
2024-08-13 00:30:00+00:00,9558.746868329717
2024-08-13 04:45:00+00:00,9496.05110948219
2024-08-13 07:45:00+00:00,9437.993368570764
2024-08-13 08:15:00+00:00,9381.24359273736
2024-08-14 08:45:00+00:00,9325.183930129548
2024-08-14 12:30:00+00:00,9271.187982399593
2024-08-14 14:30:00+00:00,9221.08967982677
2024-08-14 15:15:00+00:00,9246.657679826765
2024-08-15 00:15:00+00:00,9242.66767982678
2024-08-15 02:15:00+00:00,9270.041179826792
2024-08-15 06:45:00+00:00,9293.823679826795
2024-08-15 07:30:00+00:00,9293.919679826779
2024-08-16 01:30:00+00:00,9234.47983758727
2024-08-16 05:15:00+00:00,9175.23149883012
2024-08-16 07:15:00+00:00,9227.356498830122
2024-08-16 12:45:00+00:00,9263.000498830119
2024-08-19 03:00:00+00:00,9207.745211544094
2024-08-19 05:30:00+00:00,9151.813904605217
2024-08-19 08:45:00+00:00,9238.677904605216
2024-08-19 11:45:00+00:00,9288.793904605223
2024-08-20 01:00:00+00:00,9300.913904605226
2024-08-20 05:45:00+00:00,9243.766822570795
2024-08-20 08:45:00+00:00,9190.23791133061
2024-08-20 09:15:00+00:00,9190.00591133061
2024-08-21 03:00:00+00:00,9133.924728918919
2024-08-21 06:00:00+00:00,9078.090115028166
2024-08-21 08:45:00+00:00,9078.803115028162
2024-08-21 13:15:00+00:00,9103.45561502816
2024-08-22 07:00:00+00:00,9047.041280096495
2024-08-22 07:45:00+00:00,9051.4612800965
2024-08-22 10:30:00+00:00,9058.171280096505
2024-08-23 07:00:00+00:00,9133.823780096503
2024-08-23 09:15:00+00:00,9163.391780096497
2024-08-23 14:00:00+00:00,9204.881780096495
2024-08-28 09:45:00+00:00,9364.159780096492
2024-08-28 12:00:00+00:00,9312.971002901673
2024-08-29 03:45:00+00:00,9256.086372744841
2024-08-29 08:00:00+00:00,9202.560125849572
2024-08-29 14:00:00+00:00,9153.141993740412
2024-08-29 16:15:00+00:00,9204.861993740411
2024-08-30 05:30:00+00:00,9249.019493740403
2024-08-30 07:30:00+00:00,9193.604281113896
2024-08-30 08:15:00+00:00,9139.596812419963
2024-08-30 09:00:00+00:00,9160.829312419963
2024-09-02 02:00:00+00:00,9177.735312419949
2024-09-02 07:45:00+00:00,9123.243211172772
2024-09-03 04:00:00+00:00,9202.929211172766
2024-09-03 07:00:00+00:00,9268.73721117279
2024-09-03 13:00:00+00:00,9335.232211172784
2024-09-03 14:00:00+00:00,9283.414865519851
2024-09-03 14:30:00+00:00,9295.07586551985
2024-09-04 05:30:00+00:00,9239.510361612693
2024-09-04 07:00:00+00:00,9184.089260466008
2024-09-04 08:00:00+00:00,9214.540760466018
2024-09-04 12:15:00+00:00,9161.327167545633
2024-09-05 05:15:00+00:00,9185.533167545611
2024-09-05 07:15:00+00:00,9128.30444426329
2024-09-05 11:15:00+00:00,9075.283068739183
2024-09-05 12:15:00+00:00,9023.449725750028
2024-09-06 06:45:00+00:00,8964.713511916412
2024-09-06 11:00:00+00:00,8912.053537656977
2024-09-06 13:15:00+00:00,8933.802037656975
2024-09-06 14:30:00+00:00,8979.792037656976
2024-09-09 06:30:00+00:00,8924.018548817061
2024-09-09 07:00:00+00:00,8869.524910043108
2024-09-09 08:15:00+00:00,8817.697350535178
2024-09-09 10:30:00+00:00,8766.838490116663
2024-09-10 03:00:00+00:00,8789.669990116665
2024-09-10 07:45:00+00:00,8806.95999011666
2024-09-10 12:30:00+00:00,8755.622785628719
2024-09-10 13:45:00+00:00,8705.13699042843
2024-09-11 03:30:00+00:00,8654.082925854256
2024-09-11 12:00:00+00:00,8662.482925854243
2024-09-11 13:45:00+00:00,8615.273122261677
2024-09-12 01:30:00+00:00,8624.46412226166
2024-09-12 05:45:00+00:00,8568.165797222977
2024-09-12 06:45:00+00:00,8624.81179722297
2024-09-12 17:00:00+00:00,8577.843823275105
2024-09-13 06:15:00+00:00,8643.888823275094
2024-09-13 07:15:00+00:00,8592.019131145471
2024-09-13 07:45:00+00:00,8595.46963114547
2024-09-13 09:30:00+00:00,8545.465354739827
2024-09-16 00:15:00+00:00,8492.748438252556
2024-09-16 06:30:00+00:00,8440.328051765015
2024-09-16 07:30:00+00:00,8390.007499632704
2024-09-16 08:15:00+00:00,8341.112786212563
2024-09-16 09:00:00+00:00,8292.801498257657
2024-09-17 01:45:00+00:00,8316.595998257651
2024-09-17 06:45:00+00:00,8338.84599825765
2024-09-17 07:45:00+00:00,8341.145498257656
2024-09-17 08:45:00+00:00,8293.523101314891
2024-09-18 00:45:00+00:00,8241.097928570263
2024-09-18 05:30:00+00:00,8297.707928570273
2024-09-18 06:00:00+00:00,8349.520928570264
2024-09-18 09:15:00+00:00,8300.319868290831
2024-09-19 03:15:00+00:00,8367.682868290834
2024-09-19 08:15:00+00:00,8321.327316594461
2024-09-19 09:15:00+00:00,8276.464823139348
2024-09-19 12:30:00+00:00,8368.269823139353
2024-09-20 06:00:00+00:00,8317.147960201022
2024-09-20 07:45:00+00:00,8362.117960201027
2024-09-20 13:30:00+00:00,8380.597960201027
2024-09-20 15:15:00+00:00,8334.150311684502
2024-09-23 14:30:00+00:00,8481.078311684494
2024-09-24 00:15:00+00:00,8482.52331168448
2024-09-24 01:30:00+00:00,8497.022311684465
2024-09-24 06:00:00+00:00,8548.220311684468
2024-09-24 14:00:00+00:00,8500.336367155918
2024-09-25 02:45:00+00:00,8449.40018252282
2024-09-25 06:00:00+00:00,8477.379682522818
2024-09-25 08:00:00+00:00,8504.088682522812
2024-09-25 11:45:00+00:00,8533.821682522808
2024-09-26 01:45:00+00:00,8481.695178612954
2024-09-26 03:00:00+00:00,8430.534011612182
2024-09-26 05:15:00+00:00,8379.052543987818
2024-09-26 06:30:00+00:00,8327.247580324352
2024-09-27 01:30:00+00:00,8277.059537104762
2024-09-27 03:30:00+00:00,8295.987037104767
2024-09-27 06:15:00+00:00,8315.989037104768
2024-09-27 09:45:00+00:00,8400.07103710477
2024-09-30 13:00:00+00:00,8479.487037104771
2024-09-30 15:30:00+00:00,8433.749266504516
2024-10-01 07:00:00+00:00,8389.773899785245
2024-10-01 08:00:00+00:00,8343.672106674572
2024-10-01 08:45:00+00:00,8298.17827439976
2024-10-01 18:45:00+00:00,8337.65227439976
2024-10-02 02:30:00+00:00,8353.32727439976
2024-10-02 06:15:00+00:00,8376.812274399772
2024-10-02 09:00:00+00:00,8416.884774399763
2024-10-02 14:15:00+00:00,8371.51246024284
2024-10-03 03:15:00+00:00,8320.612868253078
2024-10-03 06:30:00+00:00,8371.699368253077
2024-10-03 13:30:00+00:00,8383.81936825308
2024-10-03 14:45:00+00:00,8338.752855412293
2024-10-04 01:00:00+00:00,8374.746855412279
2024-10-04 05:30:00+00:00,8417.676855412265
2024-10-04 10:00:00+00:00,8431.422855412262
2024-10-04 15:15:00+00:00,8386.244159833652
2024-10-07 06:45:00+00:00,8410.979159833647
2024-10-07 08:00:00+00:00,8430.831159833644
2024-10-07 10:15:00+00:00,8443.767159833653
2024-10-07 10:30:00+00:00,8453.082159833662
2024-10-08 02:15:00+00:00,8491.417159833652
2024-10-08 08:30:00+00:00,8520.327159833652
2024-10-08 14:30:00+00:00,8472.254305731489
2024-10-08 15:30:00+00:00,8425.13335534466
2024-10-09 04:00:00+00:00,8373.966101233606
2024-10-09 05:15:00+00:00,8428.033601233625
2024-10-09 09:45:00+00:00,8468.361101233624
2024-10-09 17:00:00+00:00,8421.933040516617
2024-10-10 02:00:00+00:00,8423.142040516632
2024-10-10 02:15:00+00:00,8431.326040516633
2024-10-10 07:30:00+00:00,8456.910040516632
2024-10-10 10:45:00+00:00,8489.894040516638
2024-10-11 01:30:00+00:00,8497.95354051664
2024-10-11 02:15:00+00:00,8503.857540516656
2024-10-11 05:00:00+00:00,8526.775040516668
2024-10-11 09:45:00+00:00,8580.901040516683
2024-10-14 00:00:00+00:00,8527.907284287408
2024-10-14 00:15:00+00:00,8474.833903732013
2024-10-14 03:15:00+00:00,8507.23390373201
2024-10-14 06:45:00+00:00,8529.592403732024
2024-10-14 10:00:00+00:00,8553.94540373203
2024-10-15 03:45:00+00:00,8500.263109164742
2024-10-15 05:30:00+00:00,8447.104493677081
2024-10-15 16:15:00+00:00,8510.344493677083
2024-10-16 06:30:00+00:00,8461.827354839985
2024-10-16 09:00:00+00:00,8500.371354839983
2024-10-16 12:15:00+00:00,8451.066257412716
2024-10-16 15:45:00+00:00,8403.73330216609
2024-10-16 17:30:00+00:00,8356.97244903132
2024-10-17 06:45:00+00:00,8304.35486185397
2024-10-17 09:15:00+00:00,8311.08686185396
2024-10-17 11:00:00+00:00,8262.127057803753
2024-10-17 12:15:00+00:00,8213.370790414663
2024-10-18 02:30:00+00:00,8162.154879841308
2024-10-18 05:45:00+00:00,8110.909084108513
2024-10-18 07:00:00+00:00,8139.3580841085
2024-10-18 20:15:00+00:00,8092.959642409861
2024-10-21 06:00:00+00:00,8041.216579457657
2024-10-21 07:45:00+00:00,7991.400466737931
2024-10-21 18:45:00+00:00,7945.337463724131
2024-10-22 02:45:00+00:00,7958.909463724147
2024-10-22 06:15:00+00:00,7905.719556240913
2024-10-22 07:15:00+00:00,7855.063122293111
2024-10-22 09:30:00+00:00,7920.8201222931175
2024-10-23 02:15:00+00:00,7926.396122293124
2024-10-23 06:15:00+00:00,7956.774122293123
2024-10-23 11:30:00+00:00,7909.441751512237
2024-10-23 13:15:00+00:00,7944.241751512233
2024-10-24 01:30:00+00:00,7954.921751512244
2024-10-24 04:30:00+00:00,7905.6614823296395
2024-10-24 06:45:00+00:00,7945.941482329649
2024-10-24 14:45:00+00:00,7944.19148232965
2024-10-25 02:00:00+00:00,7977.511982329632
2024-10-25 07:30:00+00:00,7982.781982329624
2024-10-25 09:00:00+00:00,7992.021982329629
2024-10-25 13:30:00+00:00,8020.646982329628
2024-10-28 00:15:00+00:00,8023.238982329625
2024-10-28 03:45:00+00:00,7975.669972720848
2024-10-28 06:00:00+00:00,8014.730972720841
2024-10-28 08:00:00+00:00,7966.765919997186
2024-10-28 09:00:00+00:00,7920.897098140339
2024-10-29 00:45:00+00:00,7940.653098140356
2024-10-29 06:45:00+00:00,7979.671098140355
2024-10-29 09:00:00+00:00,7932.599927191385
2024-10-29 10:15:00+00:00,7982.669927191383
2024-10-30 02:30:00+00:00,8015.365427191374
2024-10-30 06:15:00+00:00,8050.081427191391
2024-10-30 07:30:00+00:00,8076.58642719139
2024-10-30 09:15:00+00:00,8030.014124723215
2024-10-31 01:30:00+00:00,7981.1063563164
2024-10-31 06:45:00+00:00,8019.396856316404
2024-10-31 08:45:00+00:00,8043.843856316403
2024-10-31 12:15:00+00:00,7997.943440726638
2024-11-01 01:45:00+00:00,7998.505940726643
2024-11-01 05:15:00+00:00,7950.45546132231
2024-11-01 10:00:00+00:00,7902.321760962336
2024-11-01 14:00:00+00:00,7936.705760962333
2024-11-04 00:45:00+00:00,7949.665760962337
2024-11-04 03:00:00+00:00,7906.2237771158
2024-11-04 11:30:00+00:00,7862.25935714841
2024-11-04 13:15:00+00:00,7876.814857148407
2024-11-05 08:30:00+00:00,7828.4725534024565
2024-11-05 11:15:00+00:00,7781.43501386571
2024-11-05 13:30:00+00:00,7828.460013865726
2024-11-05 15:15:00+00:00,7864.110013865719
2024-11-06 02:00:00+00:00,7824.2414511032375
2024-11-06 03:00:00+00:00,7784.972907188043
2024-11-06 12:30:00+00:00,7746.501717968574
2024-11-06 15:00:00+00:00,7815.809217968575
2024-11-07 01:30:00+00:00,7772.459197408838
2024-11-07 02:15:00+00:00,7803.887197408839
2024-11-07 08:15:00+00:00,7760.55414479504
2024-11-07 09:45:00+00:00,7792.634144795037
2024-11-08 04:00:00+00:00,7749.2389415199095
2024-11-08 07:00:00+00:00,7767.262941519909
2024-11-08 08:45:00+00:00,7769.80044151991
2024-11-08 12:00:00+00:00,7800.831441519908
2024-11-11 01:15:00+00:00,7755.760202865213
2024-11-11 04:00:00+00:00,7804.414202865225
2024-11-11 05:45:00+00:00,7823.759202865217
2024-11-11 09:15:00+00:00,7780.861076470212
2024-11-12 00:30:00+00:00,7813.8850764702165
2024-11-12 02:45:00+00:00,7769.427889964958
2024-11-12 03:45:00+00:00,7725.075590410655
2024-11-12 07:15:00+00:00,7681.167755315446
2024-11-13 07:15:00+00:00,7636.810562050088
2024-11-13 08:45:00+00:00,7679.187062050088
2024-11-13 11:15:00+00:00,7718.000062050087
2024-11-13 13:30:00+00:00,7676.550349909636
2024-11-14 01:15:00+00:00,7678.494349909636
2024-11-14 02:45:00+00:00,7635.190876894688
2024-11-14 03:45:00+00:00,7591.742064558044
2024-11-14 11:00:00+00:00,7550.378863207003
2024-11-15 02:15:00+00:00,7508.696441944995
2024-11-15 06:30:00+00:00,7466.879070441127
2024-11-15 08:30:00+00:00,7425.451184124076
2024-11-15 13:00:00+00:00,7384.869257947317
2024-11-18 00:30:00+00:00,7341.9340215216835
2024-11-18 03:30:00+00:00,7391.571021521686
2024-11-18 09:15:00+00:00,7350.306810300866
2024-11-18 10:30:00+00:00,7368.7708103008645
2024-11-19 06:30:00+00:00,7388.6788103008685
2024-11-19 08:30:00+00:00,7346.661430099525
2024-11-19 09:15:00+00:00,7306.5054158603125
2024-11-19 13:00:00+00:00,7358.425415860312
2024-11-20 01:30:00+00:00,7400.8429158603085
2024-11-20 09:30:00+00:00,7360.288246113401
2024-11-20 10:30:00+00:00,7320.639900050529
2024-11-20 15:00:00+00:00,7282.051964998954
2024-11-21 03:30:00+00:00,7238.310740408169
2024-11-21 05:30:00+00:00,7259.730740408182
2024-11-21 08:15:00+00:00,7217.843401843608
2024-11-21 09:15:00+00:00,7177.057941235429
2024-11-22 02:45:00+00:00,7183.515441235428
2024-11-22 07:00:00+00:00,7212.585441235432
2024-11-22 08:45:00+00:00,7226.4764412354325
2024-11-24 18:30:00+00:00,7283.7534412354335
2024-11-25 07:15:00+00:00,7296.873441235436
2024-11-25 09:00:00+00:00,7354.93644123544
2024-11-25 15:00:00+00:00,7416.791941235439
2024-11-26 00:45:00+00:00,7379.027011783912
2024-11-26 10:15:00+00:00,7340.436190478999
2024-11-27 07:45:00+00:00,7391.750690478998
2024-11-27 10:45:00+00:00,7352.201473476385
2024-11-27 13:30:00+00:00,7312.506025608011
2024-11-27 15:45:00+00:00,7275.40679672553
2024-11-28 00:45:00+00:00,7234.126378963905
2024-11-28 01:45:00+00:00,7249.3053789639025
2024-11-28 07:00:00+00:00,7207.561566146794
2024-11-28 08:15:00+00:00,7168.172830931884
2024-11-29 01:15:00+00:00,7126.914454831873
2024-11-29 01:45:00+00:00,7164.066454831867
2024-11-29 08:00:00+00:00,7179.798954831864
2024-11-29 10:30:00+00:00,7216.471954831866
2024-12-02 00:00:00+00:00,7177.1841773832775
2024-12-02 07:45:00+00:00,7138.064082496677
2024-12-02 10:45:00+00:00,7170.603082496673
2024-12-02 12:45:00+00:00,7179.458082496667
2024-12-02 20:15:00+00:00,7239.488582496665
2024-12-03 02:00:00+00:00,7199.127408912441
2024-12-03 03:30:00+00:00,7211.4034089124425
2024-12-03 08:15:00+00:00,7171.323913072441
2024-12-03 15:15:00+00:00,7227.483913072441
2024-12-04 01:45:00+00:00,7224.237413072441
2024-12-04 04:15:00+00:00,7256.831413072438
2024-12-04 10:15:00+00:00,7300.539913072441
2024-12-04 14:45:00+00:00,7335.153913072444
2024-12-05 05:30:00+00:00,7293.031045577484
2024-12-05 07:00:00+00:00,7250.303521701062
2024-12-05 08:00:00+00:00,7209.0523932552305
2024-12-05 09:00:00+00:00,7232.099893255223
2024-12-06 07:45:00+00:00,7270.94389325522
2024-12-06 09:00:00+00:00,7296.647893255218
2024-12-06 19:00:00+00:00,7259.245826033405
2024-12-09 07:15:00+00:00,7315.833826033414
2024-12-09 09:00:00+00:00,7275.93747538955
2024-12-09 16:30:00+00:00,7307.905475389549
2024-12-10 02:45:00+00:00,7310.098475389545
2024-12-10 07:15:00+00:00,7336.7544753895345
2024-12-10 08:45:00+00:00,7295.491633215094
2024-12-10 13:15:00+00:00,7255.693191557151
2024-12-11 03:15:00+00:00,7271.813191557161
2024-12-11 07:00:00+00:00,7228.3086997356495
2024-12-11 10:00:00+00:00,7188.806159288195
2024-12-11 14:30:00+00:00,7228.329159288197
2024-12-12 06:45:00+00:00,7186.848664715773
2024-12-12 08:30:00+00:00,7210.630664715781
2024-12-12 12:45:00+00:00,7171.147838244094
2024-12-12 14:00:00+00:00,7132.516202446267
2024-12-13 01:30:00+00:00,7138.112702446262
2024-12-13 08:00:00+00:00,7140.664702446253
2024-12-13 09:45:00+00:00,7101.145559702456
2024-12-13 12:30:00+00:00,7062.331146013889
2024-12-16 00:30:00+00:00,7021.764036404934
2024-12-16 08:45:00+00:00,7041.614536404928
2024-12-16 10:45:00+00:00,7003.535726768612
2024-12-16 13:45:00+00:00,7051.5237267686125
2024-12-17 00:45:00+00:00,7010.885130234126
2024-12-17 03:45:00+00:00,7043.199630234132
2024-12-17 08:15:00+00:00,7001.050611144076
2024-12-17 12:45:00+00:00,7067.8981111440735
2024-12-18 04:30:00+00:00,7025.794191288625
2024-12-18 05:15:00+00:00,7035.567191288634
2024-12-18 06:45:00+00:00,6993.203936923641
2024-12-18 07:45:00+00:00,7009.385936923643
2024-12-19 07:00:00+00:00,6972.175918788174
2024-12-19 09:00:00+00:00,6935.133907296407
2024-12-19 12:45:00+00:00,6997.621407296408
2024-12-19 13:30:00+00:00,7012.536907296407
2024-12-20 05:45:00+00:00,7015.392907296402
2024-12-20 13:30:00+00:00,6977.195115928819
2024-12-20 14:15:00+00:00,7015.636115928821
2024-12-23 08:15:00+00:00,7065.476115928822
2024-12-23 10:15:00+00:00,7026.003875459036
2024-12-23 12:15:00+00:00,6986.84525377536
2024-12-23 17:45:00+00:00,7009.14725377536
2024-12-24 02:00:00+00:00,7026.518253775361
2024-12-24 08:30:00+00:00,7061.088753775365
2024-12-24 11:45:00+00:00,7075.776253775358
2024-12-24 15:15:00+00:00,7093.938253775351
2024-12-26 16:15:00+00:00,7053.927762590999
2024-12-26 18:15:00+00:00,7014.271912532379
2024-12-27 07:45:00+00:00,7063.054412532379
2024-12-27 08:45:00+00:00,7067.014412532378
2024-12-27 15:00:00+00:00,7116.9344125323805
2024-12-30 06:00:00+00:00,7136.698412532387
2024-12-30 09:00:00+00:00,7094.430756122769
2024-12-30 09:45:00+00:00,7116.003756122774
2024-12-30 11:15:00+00:00,7076.599279253884
2024-12-31 04:30:00+00:00,7097.1432792538835
2024-12-31 07:15:00+00:00,7131.523279253885
2024-12-31 09:30:00+00:00,7090.650060191482
2024-12-31 10:15:00+00:00,7127.786060191481
2025-01-02 08:15:00+00:00,7157.360060191489
2025-01-02 09:00:00+00:00,7164.704060191496
2025-01-02 10:30:00+00:00,7125.869585596041
2025-01-02 11:30:00+00:00,7087.660013530888
2025-01-03 05:15:00+00:00,7099.810013530883
2025-01-03 08:00:00+00:00,7058.124686466616
2025-01-03 08:15:00+00:00,7017.326902548544
2025-01-03 09:00:00+00:00,6976.967754926405
2025-01-06 07:30:00+00:00,6936.458735452895
2025-01-06 09:00:00+00:00,6898.072592715977
2025-01-06 11:00:00+00:00,6861.443105781533
2025-01-06 13:15:00+00:00,6825.832315670659
2025-01-07 03:30:00+00:00,6842.9728156706615
2025-01-07 05:30:00+00:00,6803.616286573313
2025-01-07 07:00:00+00:00,6763.645900234047
2025-01-07 08:45:00+00:00,6726.6500218289
2025-01-08 07:00:00+00:00,6756.6500218289
2025-01-08 09:15:00+00:00,6719.632665388567
2025-01-08 10:00:00+00:00,6683.505943903796
2025-01-08 12:30:00+00:00,6648.067670021555
2025-01-09 06:00:00+00:00,6609.3394613229375
2025-01-09 07:30:00+00:00,6570.567322759876
2025-01-09 08:45:00+00:00,6604.975322759881
2025-01-09 21:45:00+00:00,6609.500322759875
2025-01-10 01:15:00+00:00,6622.700322759889
2025-01-10 07:45:00+00:00,6679.876322759905
2025-01-10 13:15:00+00:00,6641.7308661283605
2025-01-10 15:00:00+00:00,6607.613883381656
2025-01-13 09:15:00+00:00,6570.694640996246
2025-01-13 11:15:00+00:00,6537.042758666115
2025-01-13 23:15:00+00:00,6502.143412266027
2025-01-14 08:15:00+00:00,6466.389105662657
2025-01-14 10:30:00+00:00,6485.408105662657
2025-01-14 13:15:00+00:00,6450.840830944233
2025-01-14 14:15:00+00:00,6453.210830944234
2025-01-15 07:00:00+00:00,6415.40896799622
2025-01-15 07:45:00+00:00,6424.836467996224
2025-01-15 08:45:00+00:00,6427.459967996228
2025-01-15 11:30:00+00:00,6452.643967996228
2025-01-16 08:30:00+00:00,6476.226967996218
2025-01-16 13:30:00+00:00,6441.443934544837
2025-01-17 07:15:00+00:00,6476.243934544832
2025-01-17 12:45:00+00:00,6510.394934544836
2025-01-17 14:00:00+00:00,6475.0059045896705
2025-01-17 14:45:00+00:00,6514.32990458967
2025-01-17 15:45:00+00:00,6539.61740458967
2025-01-20 01:45:00+00:00,6503.607563289005
2025-01-20 06:45:00+00:00,6466.5693674598215
2025-01-20 09:15:00+00:00,6493.799367459824
2025-01-20 13:15:00+00:00,6516.677367459824
2025-01-21 08:30:00+00:00,6483.3161203610425
2025-01-21 09:30:00+00:00,6448.73576589614
2025-01-21 13:30:00+00:00,6480.414265896136
2025-01-21 15:30:00+00:00,6445.57751737416
2025-01-22 07:30:00+00:00,6441.997017374162
2025-01-22 13:30:00+00:00,6511.73451737416
2025-01-22 22:00:00+00:00,6477.884016472191
2025-01-23 03:30:00+00:00,6483.734016472185
2025-01-23 08:30:00+00:00,6446.988500958927
2025-01-23 11:45:00+00:00,6494.57100095893
2025-01-23 17:45:00+00:00,6461.091494242439
2025-01-24 06:15:00+00:00,6425.6862108134865
2025-01-24 07:15:00+00:00,6448.576210813488
2025-01-24 13:15:00+00:00,6499.552210813489
2025-01-24 14:45:00+00:00,6535.768210813486
2025-01-27 03:15:00+00:00,6570.363210813479
2025-01-27 10:00:00+00:00,6534.643683163502
2025-01-27 12:30:00+00:00,6499.402943761343
2025-01-27 17:00:00+00:00,6464.869671794446
2025-01-28 02:00:00+00:00,6431.271185640578
2025-01-28 13:30:00+00:00,6456.275185640576
2025-01-29 07:00:00+00:00,6486.019185640571
2025-01-29 09:00:00+00:00,6449.337430097657
2025-01-29 09:45:00+00:00,6413.570443329717
2025-01-29 13:00:00+00:00,6378.324459531696
2025-01-30 07:45:00+00:00,6408.630959531695
2025-01-30 10:45:00+00:00,6373.233116233675
2025-01-30 13:15:00+00:00,6420.543116233677
2025-01-30 20:30:00+00:00,6458.36711623368
2025-01-31 08:15:00+00:00,6496.622116233684
2025-01-31 13:00:00+00:00,6524.6721162336835
2025-01-31 13:45:00+00:00,6542.573116233683
2025-01-31 16:30:00+00:00,6507.730254712727
2025-02-03 04:00:00+00:00,6531.852254712728
2025-02-03 13:15:00+00:00,6498.136739997037
2025-02-03 14:45:00+00:00,6528.200739997034
2025-02-03 18:00:00+00:00,6577.992239997035
2025-02-04 07:30:00+00:00,6621.529739997034
2025-02-04 09:00:00+00:00,6586.2367200303115
2025-02-04 14:45:00+00:00,6550.876685674551
2025-02-04 15:30:00+00:00,6516.598026123622
2025-02-05 00:30:00+00:00,6537.099026123623
2025-02-05 07:15:00+00:00,6500.314565581677
2025-02-05 09:15:00+00:00,6464.426831274113
2025-02-06 02:15:00+00:00,6428.524517041371
2025-02-06 04:45:00+00:00,6391.673905293092
2025-02-06 10:30:00+00:00,6355.7343662948415
2025-02-06 18:00:00+00:00,6320.811531658521
2025-02-07 05:45:00+00:00,6355.624031658522
2025-02-07 10:45:00+00:00,6401.186031658525
2025-02-07 13:30:00+00:00,6364.250963533381
2025-02-07 17:30:00+00:00,6331.902422736194
2025-02-10 00:00:00+00:00,6367.740422736194
2025-02-10 12:00:00+00:00,6400.459922736191
2025-02-11 02:30:00+00:00,6365.4278687813485
2025-02-11 04:00:00+00:00,6388.830868781342
2025-02-11 10:00:00+00:00,6351.952609383072
2025-02-11 14:15:00+00:00,6315.544033118443
2025-02-11 15:15:00+00:00,6280.182555099405
2025-02-12 11:00:00+00:00,6243.975677531249
2025-02-12 15:15:00+00:00,6302.506677531251
2025-02-12 18:00:00+00:00,6269.362214812709
2025-02-13 16:15:00+00:00,6237.323116929096
2025-02-13 18:30:00+00:00,6297.188616929097
2025-02-14 08:15:00+00:00,6264.092123393927
2025-02-14 09:15:00+00:00,6229.179865133643
2025-02-14 15:45:00+00:00,6196.188370878515
2025-02-17 00:45:00+00:00,6160.312577576262
2025-02-17 04:00:00+00:00,6203.936577576256
2025-02-17 10:45:00+00:00,6238.6040775762485
2025-02-17 14:45:00+00:00,6256.919077576248
2025-02-17 22:45:00+00:00,6261.17657757626
2025-02-18 04:15:00+00:00,6224.415381466152
2025-02-18 13:00:00+00:00,6189.405527042419
2025-02-18 15:00:00+00:00,6218.053027042417
2025-02-18 22:30:00+00:00,6250.315527042422
2025-02-19 02:15:00+00:00,6246.132527042428
2025-02-19 05:45:00+00:00,6208.54382805011
2025-02-19 07:30:00+00:00,6241.026328050107
2025-02-19 09:45:00+00:00,6205.113648553159
2025-02-20 01:45:00+00:00,6209.118648553154
2025-02-20 04:30:00+00:00,6225.210648553154
2025-02-20 09:00:00+00:00,6221.070648553147
2025-02-20 14:30:00+00:00,6187.111497446869
2025-02-21 02:15:00+00:00,6218.43699744687
2025-02-21 09:15:00+00:00,6183.82850398895
2025-02-21 12:00:00+00:00,6149.430668665679
2025-02-23 18:00:00+00:00,6177.62866866568
2025-02-24 01:00:00+00:00,6144.4416828881
2025-02-24 08:00:00+00:00,6215.9946828881
2025-02-24 10:00:00+00:00,6182.4349792200965
2025-02-24 13:15:00+00:00,6191.268979220091
2025-02-25 06:15:00+00:00,6154.01813833281
2025-02-25 09:15:00+00:00,6159.448138332813
2025-02-25 13:30:00+00:00,6125.125471247922
2025-02-25 15:00:00+00:00,6091.639975829432
2025-02-26 01:30:00+00:00,6113.225975829438
2025-02-26 09:15:00+00:00,6118.601975829432
2025-02-26 12:45:00+00:00,6084.6389996428925
2025-02-26 15:15:00+00:00,6101.592999642897
2025-02-27 02:45:00+00:00,6066.540222487935
2025-02-27 11:00:00+00:00,6031.553663249586
2025-02-27 14:45:00+00:00,6000.627991194688
2025-02-27 16:15:00+00:00,5969.827399977646
2025-02-28 07:45:00+00:00,5985.601399977649
2025-02-28 13:00:00+00:00,5951.671480053606
2025-02-28 14:30:00+00:00,5979.687480053608
2025-03-03 01:00:00+00:00,5946.8848290690885
2025-03-03 08:15:00+00:00,5913.173180618085
2025-03-03 09:15:00+00:00,5936.993180618081
2025-03-03 11:00:00+00:00,5905.778455105353
2025-03-04 07:45:00+00:00,5873.244363659185
2025-03-04 08:15:00+00:00,5841.346215634393
2025-03-04 11:45:00+00:00,5810.518098457328
2025-03-04 15:00:00+00:00,5861.4040984573285
2025-03-05 03:45:00+00:00,5881.5115984573295
2025-03-05 07:00:00+00:00,5849.879240110574
2025-03-05 09:30:00+00:00,5820.29393382836
2025-03-05 16:00:00+00:00,5792.310944644069
2025-03-06 01:30:00+00:00,5760.970809305252
2025-03-06 03:00:00+00:00,5773.37880930525
2025-03-06 15:00:00+00:00,5743.9417558477735
2025-03-06 17:00:00+00:00,5775.687755847776
2025-03-07 05:45:00+00:00,5743.628002604106
2025-03-07 08:15:00+00:00,5712.757821713378
2025-03-07 09:15:00+00:00,5682.156572746939
2025-03-07 13:30:00+00:00,5652.882743902387
2025-03-09 23:15:00+00:00,5622.433606286813
2025-03-10 02:45:00+00:00,5662.706606286817
2025-03-10 07:45:00+00:00,5631.481886219511
2025-03-10 08:45:00+00:00,5601.165055288282
2025-03-10 09:30:00+00:00,5625.455055288282
2025-03-10 11:00:00+00:00,5661.28705528828
2025-03-11 01:45:00+00:00,5629.769981612807
2025-03-11 05:15:00+00:00,5657.895981612813
2025-03-11 06:30:00+00:00,5690.205981612816
2025-03-11 09:00:00+00:00,5660.190120949426
2025-03-12 01:30:00+00:00,5674.914120949426
2025-03-12 02:45:00+00:00,5642.425432358627
2025-03-12 06:00:00+00:00,5680.565432358617
2025-03-12 07:30:00+00:00,5692.815432358616
2025-03-13 01:30:00+00:00,5697.475932358614
2025-03-13 03:30:00+00:00,5716.663932358616
2025-03-13 06:15:00+00:00,5683.608035142125
2025-03-13 07:30:00+00:00,5650.8928199021
2025-03-14 02:15:00+00:00,5619.273750463048
2025-03-14 05:45:00+00:00,5642.128750463053
2025-03-14 06:30:00+00:00,5653.737750463051
2025-03-14 08:15:00+00:00,5658.030750463049
2025-03-17 03:00:00+00:00,5662.386750463047
2025-03-17 08:15:00+00:00,5669.211750463045
2025-03-17 15:00:00+00:00,5638.041050480329
2025-03-18 06:15:00+00:00,5663.70905048033
2025-03-18 07:00:00+00:00,5668.291050480333
2025-03-18 11:45:00+00:00,5758.516550480338
2025-03-18 15:00:00+00:00,5728.349384569986
2025-03-19 07:00:00+00:00,5761.379384569988
2025-03-19 14:45:00+00:00,5730.115191994017
2025-03-19 17:15:00+00:00,5699.289684286188
2025-03-19 18:15:00+00:00,5732.961684286189
2025-03-19 19:15:00+00:00,5765.89768428619
2025-03-20 02:45:00+00:00,5781.568184286189
2025-03-20 07:15:00+00:00,5748.133152034654
2025-03-20 08:15:00+00:00,5716.774433856406
2025-03-20 09:15:00+00:00,5686.050686123379
2025-03-21 03:30:00+00:00,5652.697842907957
2025-03-21 05:30:00+00:00,5619.795428340361
2025-03-21 12:45:00+00:00,5632.56042834036
2025-03-23 23:45:00+00:00,5671.400428340356
2025-03-24 04:15:00+00:00,5732.396428340362
2025-03-24 07:15:00+00:00,5699.9723257552105
2025-03-24 08:15:00+00:00,5668.652931091794
2025-03-24 09:00:00+00:00,5699.452931091794
2025-03-25 02:00:00+00:00,5710.586931091802
2025-03-25 09:00:00+00:00,5731.945431091804
2025-03-25 11:45:00+00:00,5700.49234865323
2025-03-25 17:00:00+00:00,5719.108848653233
2025-03-26 01:45:00+00:00,5725.206348653241
2025-03-26 09:00:00+00:00,5692.948672688711
2025-03-26 10:30:00+00:00,5720.6606726887085
2025-03-26 13:30:00+00:00,5689.351206298788
2025-03-27 02:00:00+00:00,5658.282995895498
2025-03-27 04:15:00+00:00,5627.443288030848
2025-03-27 08:45:00+00:00,5650.780788030849
2025-03-27 09:00:00+00:00,5651.561788030854
2025-03-28 01:15:00+00:00,5654.701288030856
2025-03-28 06:30:00+00:00,5621.80996145293
2025-03-28 08:00:00+00:00,5621.741961452924
2025-03-28 10:00:00+00:00,5590.40049485109
2025-03-31 07:30:00+00:00,5646.950494851091
2025-03-31 08:15:00+00:00,5616.271979689769
2025-03-31 10:00:00+00:00,5586.849724382667
2025-03-31 11:00:00+00:00,5605.1197243826655
2025-04-01 01:30:00+00:00,5615.9557243826675
2025-04-01 06:00:00+00:00,5583.3768078850735
2025-04-01 09:00:00+00:00,5622.560807885069
2025-04-01 14:00:00+00:00,5667.080807885069
2025-04-02 07:45:00+00:00,5683.658807885064
2025-04-02 10:30:00+00:00,5700.414307885062
2025-04-02 14:30:00+00:00,5668.919745220385
2025-04-02 15:45:00+00:00,5639.892979577287
2025-04-03 01:45:00+00:00,5613.43631565728
2025-04-03 06:30:00+00:00,5584.177146008499
2025-04-03 08:30:00+00:00,5556.622788546342
2025-04-03 10:00:00+00:00,5529.229856393167
2025-04-04 03:30:00+00:00,5499.971734009968
2025-04-04 05:15:00+00:00,5472.378603830075
2025-04-04 07:30:00+00:00,5444.3022330577305
2025-04-04 09:00:00+00:00,5416.876338235667
2025-04-07 07:00:00+00:00,5389.2782595804
2025-04-07 18:00:00+00:00,5410.9222595804
2025-04-08 02:30:00+00:00,5383.05404616727
2025-04-08 06:30:00+00:00,5355.019831519334
2025-04-08 07:15:00+00:00,5363.003831519336
2025-04-08 09:00:00+00:00,5335.424864940018
2025-04-09 04:15:00+00:00,5307.322784059491
2025-04-09 06:45:00+00:00,5280.117659273048
2025-04-09 13:45:00+00:00,5305.769659273048
2025-04-09 18:00:00+00:00,5279.187307751841
2025-04-10 07:30:00+00:00,5251.608353168234
2025-04-10 09:45:00+00:00,5226.047172969878
2025-04-10 13:30:00+00:00,5201.230582092869
2025-04-10 15:30:00+00:00,5176.0701547347
2025-04-11 03:15:00+00:00,5150.3928493244475
2025-04-11 06:15:00+00:00,5124.765737383883
2025-04-11 07:00:00+00:00,5152.349237383883
2025-04-11 10:45:00+00:00,5186.861737383883
2025-04-14 01:00:00+00:00,5161.450870719678
2025-04-14 06:30:00+00:00,5136.6095929601925
2025-04-14 08:30:00+00:00,5160.851092960193
2025-04-14 13:00:00+00:00,5134.426028254974
2025-04-15 02:30:00+00:00,5158.064528254973
2025-04-15 07:30:00+00:00,5165.7225282549725
2025-04-15 08:00:00+00:00,5164.227528254973
2025-04-15 13:15:00+00:00,5138.674147805618
2025-04-16 01:15:00+00:00,5112.076048499626
2025-04-16 03:15:00+00:00,5084.506073082811
2025-04-16 07:15:00+00:00,5057.980712087755
2025-04-16 08:30:00+00:00,5091.111212087757
2025-04-17 05:30:00+00:00,5064.645366393342
2025-04-17 06:30:00+00:00,5088.176866393343
2025-04-17 13:00:00+00:00,5102.964366393341
2025-04-18 01:15:00+00:00,5116.660866393338
2025-04-18 14:45:00+00:00,5087.0152730181235
2025-04-18 19:30:00+00:00,5058.545261116759
2025-04-20 23:45:00+00:00,5032.048734476696
2025-04-21 02:15:00+00:00,5006.73803236914
2025-04-21 05:30:00+00:00,4980.6608293806075
2025-04-21 08:45:00+00:00,4956.2235254192865
2025-04-21 10:30:00+00:00,4991.899525419287
2025-04-22 02:15:00+00:00,5027.296525419284
2025-04-22 07:45:00+00:00,5000.98837636923
2025-04-22 11:15:00+00:00,4976.077252317403
2025-04-22 14:30:00+00:00,5002.356752317403
2025-04-23 10:15:00+00:00,5025.072752317404
2025-04-23 16:45:00+00:00,5000.644334834274
2025-04-24 04:30:00+00:00,5029.834334834275
2025-04-24 10:00:00+00:00,5003.34047319457
2025-04-24 13:00:00+00:00,5019.885473194573
2025-04-24 16:30:00+00:00,5033.529473194574
2025-04-25 03:30:00+00:00,5007.019101869451
2025-04-25 06:30:00+00:00,5048.320101869451
2025-04-25 10:15:00+00:00,5077.896101869452
2025-04-25 14:00:00+00:00,5094.351101869452
2025-04-28 06:30:00+00:00,5130.13860186945
2025-04-28 07:30:00+00:00,5158.452601869445
2025-04-28 13:00:00+00:00,5168.668601869446
2025-04-28 14:30:00+00:00,5142.002210440542
2025-04-29 01:45:00+00:00,5114.25889266555
2025-04-29 08:30:00+00:00,5135.012892665552
2025-04-29 14:45:00+00:00,5163.790392665553
2025-04-30 01:45:00+00:00,5137.497612250628
2025-04-30 05:45:00+00:00,5166.217612250625
2025-04-30 07:30:00+00:00,5191.259612250627
2025-04-30 17:15:00+00:00,5207.578112250625
2025-05-01 01:45:00+00:00,5181.252246648544
2025-05-01 03:30:00+00:00,5152.598738472457
2025-05-01 06:15:00+00:00,5173.976738472454
2025-05-01 11:15:00+00:00,5146.69595892635
2025-05-01 15:30:00+00:00,5119.292448495002
2025-05-02 01:45:00+00:00,5134.724448495003
2025-05-02 06:15:00+00:00,5106.607551798475
2025-05-02 07:45:00+00:00,5079.2401297248225
2025-05-02 11:00:00+00:00,5108.488629724825
2025-05-04 23:30:00+00:00,5081.744930428443
2025-05-05 01:00:00+00:00,5054.2708610736245
2025-05-05 02:00:00+00:00,5027.557039224304
2025-05-05 08:00:00+00:00,5001.273695543638
2025-05-05 08:45:00+00:00,5008.770695543638
2025-05-06 02:00:00+00:00,5046.390695543638
2025-05-06 07:15:00+00:00,5019.356618191306
2025-05-06 09:00:00+00:00,5045.681618191303
2025-05-06 14:15:00+00:00,5019.293213433924
2025-05-07 09:00:00+00:00,5048.90321343392
2025-05-07 18:00:00+00:00,5068.725213433919
2025-05-07 20:00:00+00:00,5043.864047194839
2025-05-08 01:45:00+00:00,5077.579047194839
2025-05-08 05:00:00+00:00,5093.404047194842
2025-05-08 06:15:00+00:00,5066.680872669217
2025-05-08 12:30:00+00:00,5115.544872669214
2025-05-08 14:15:00+00:00,5122.369872669214
2025-05-09 01:00:00+00:00,5135.376372669216
2025-05-09 03:00:00+00:00,5163.256372669216
2025-05-09 13:00:00+00:00,5135.9240602224745
2025-05-09 14:15:00+00:00,5108.333623288333
2025-05-12 07:15:00+00:00,5080.530030225066
2025-05-12 10:15:00+00:00,5054.650460128908
2025-05-12 17:15:00+00:00,5028.243858873703
2025-05-13 01:15:00+00:00,5062.973358873704
2025-05-13 06:15:00+00:00,5079.953358873703
2025-05-13 08:15:00+00:00,5084.903358873702
2025-05-13 14:30:00+00:00,5058.721806915976
2025-05-13 18:30:00+00:00,5032.853687221491
2025-05-14 12:15:00+00:00,5090.279687221491
2025-05-14 16:30:00+00:00,5065.32414314825
2025-05-14 19:00:00+00:00,5039.855058639907
2025-05-15 06:15:00+00:00,5012.371773303956
2025-05-15 07:45:00+00:00,5047.303273303955
2025-05-15 12:30:00+00:00,5066.176273303958
2025-05-15 13:45:00+00:00,5067.372273303959
2025-05-16 00:45:00+00:00,5038.645878430321
2025-05-16 01:45:00+00:00,5010.957647287376
2025-05-16 05:45:00+00:00,4983.11177233482
2025-05-16 08:00:00+00:00,5005.6477723348125
2025-05-19 01:30:00+00:00,5012.177772334809
2025-05-19 09:00:00+00:00,4985.528340058216
2025-05-19 15:45:00+00:00,4959.114388507899
2025-05-20 00:15:00+00:00,4933.392242555794
2025-05-20 01:15:00+00:00,4956.032242555793
2025-05-20 07:00:00+00:00,4928.538787976122
2025-05-20 08:30:00+00:00,4962.01878797612
2025-05-20 14:00:00+00:00,4996.171287976116
2025-05-21 02:00:00+00:00,4968.039329143755
2025-05-21 03:45:00+00:00,4941.401955850446
2025-05-21 11:30:00+00:00,4968.001955850445
2025-05-21 18:00:00+00:00,4970.794955850445
2025-05-22 00:45:00+00:00,4987.393955850443
2025-05-22 08:00:00+00:00,5004.3039558504415
2025-05-22 08:15:00+00:00,5015.815955850439
2025-05-22 13:45:00+00:00,4990.093901281284
2025-05-23 04:30:00+00:00,4962.633087884241
2025-05-23 09:00:00+00:00,4936.37215345601
2025-05-23 12:45:00+00:00,4948.684153456009
2025-05-26 00:15:00+00:00,4922.622324948154
2025-05-26 01:45:00+00:00,4895.675802421025
2025-05-26 08:15:00+00:00,4940.181802421023
2025-05-26 09:00:00+00:00,4913.514607513773
2025-05-26 13:30:00+00:00,4925.856607513776
2025-05-27 01:00:00+00:00,4896.922260200354
2025-05-27 01:45:00+00:00,4937.784760200349
2025-05-27 06:15:00+00:00,4971.008260200349
2025-05-27 07:30:00+00:00,4944.449842970417
2025-05-28 01:15:00+00:00,4943.68484297042
2025-05-28 02:30:00+00:00,4917.108608775794
2025-05-28 07:45:00+00:00,4959.31860877579
2025-05-28 09:15:00+00:00,4932.691536246589
2025-05-29 07:00:00+00:00,4981.459536246591
2025-05-29 12:15:00+00:00,4955.958168834296
2025-05-29 14:15:00+00:00,4929.971041339362
2025-05-29 20:00:00+00:00,4950.138041339364
2025-05-30 05:00:00+00:00,4923.029014326265
2025-05-30 08:45:00+00:00,4896.054116508094
2025-05-30 12:00:00+00:00,4912.4846165080935
2025-05-30 13:15:00+00:00,4926.134616508094
2025-06-02 01:15:00+00:00,4899.542984035514
2025-06-02 03:00:00+00:00,4936.187984035514
2025-06-02 09:00:00+00:00,4910.0768922666675
2025-06-02 16:00:00+00:00,4927.176892266668
2025-06-03 00:15:00+00:00,4953.929892266667
2025-06-03 03:30:00+00:00,4926.745397511968
2025-06-03 12:30:00+00:00,4901.239885706095
2025-06-03 14:00:00+00:00,4875.3213327040885
2025-06-04 01:00:00+00:00,4896.866332704082
2025-06-04 04:45:00+00:00,4870.284534108817
2025-06-04 08:30:00+00:00,4843.719672566941
2025-06-04 10:15:00+00:00,4884.323172566944
2025-06-05 01:30:00+00:00,4907.291172566938
2025-06-05 11:30:00+00:00,4927.6461725669415
2025-06-05 13:15:00+00:00,4901.808901861129
2025-06-05 15:45:00+00:00,4949.9009018611305
2025-06-06 06:15:00+00:00,4922.316793519071
2025-06-06 08:45:00+00:00,4894.51937099627
2025-06-06 11:30:00+00:00,4926.894370996274
2025-06-06 14:15:00+00:00,4954.863870996274
2025-06-09 00:45:00+00:00,4975.48887099627
2025-06-09 08:30:00+00:00,4947.9904779716835
2025-06-09 09:15:00+00:00,4920.49408639168
2025-06-09 10:00:00+00:00,4942.922086391679
2025-06-09 12:15:00+00:00,4916.462018954343
2025-06-10 01:00:00+00:00,4913.164018954339
2025-06-10 07:00:00+00:00,4886.289093658613
2025-06-10 07:45:00+00:00,4897.257093658616
2025-06-10 14:45:00+00:00,4927.362093658618
2025-06-11 00:30:00+00:00,4930.764093658617
2025-06-11 08:00:00+00:00,4960.169593658618
2025-06-11 09:15:00+00:00,4933.253937613461
2025-06-11 12:30:00+00:00,4906.624152247782
2025-06-12 06:30:00+00:00,4906.647152247778
2025-06-12 10:00:00+00:00,4881.538863701356
2025-06-12 11:00:00+00:00,4857.392859123036
2025-06-12 15:00:00+00:00,4889.657859123035
2025-06-13 00:45:00+00:00,4864.274186041442
2025-06-13 01:30:00+00:00,4838.585652364752
2025-06-13 03:15:00+00:00,4814.667657422163
2025-06-13 06:00:00+00:00,4826.580657422163
2025-06-16 06:45:00+00:00,4800.273865155387
2025-06-16 07:30:00+00:00,4774.331520346388
2025-06-16 13:00:00+00:00,4748.93050583152
2025-06-16 15:15:00+00:00,4781.953005831521
2025-06-17 01:15:00+00:00,4796.292005831514
2025-06-17 11:45:00+00:00,4813.056005831515
2025-06-17 16:45:00+00:00,4787.671851566186
2025-06-17 23:45:00+00:00,4792.412851566191
2025-06-18 04:45:00+00:00,4766.211749807272
2025-06-18 07:00:00+00:00,4739.692076079412
2025-06-18 08:15:00+00:00,4756.953576079417
2025-06-18 11:45:00+00:00,4771.5905760794185
2025-06-19 07:15:00+00:00,4800.966576079418
2025-06-19 16:00:00+00:00,4775.520553022764
2025-06-19 17:45:00+00:00,4800.182553022767
2025-06-19 19:15:00+00:00,4774.36277657126
2025-06-20 00:45:00+00:00,4747.760614538628
2025-06-20 03:00:00+00:00,4721.262867711394
2025-06-20 05:30:00+00:00,4739.310867711389
2025-06-20 11:00:00+00:00,4748.119867711392
2025-06-23 07:15:00+00:00,4765.876867711394
2025-06-23 14:00:00+00:00,4795.958867711392
2025-06-23 15:30:00+00:00,4770.655539757672
2025-06-23 23:15:00+00:00,4745.586498265211
2025-06-24 04:45:00+00:00,4719.978176212042
2025-06-24 07:00:00+00:00,4729.447176212043
2025-06-24 09:15:00+00:00,4741.494176212043
2025-06-24 14:15:00+00:00,4753.814176212044
2025-06-25 01:00:00+00:00,4726.866295299835
2025-06-25 01:45:00+00:00,4701.221138792923
2025-06-25 07:45:00+00:00,4675.402006975191
2025-06-25 11:00:00+00:00,4695.677506975188
2025-06-26 02:45:00+00:00,4669.128200105508
2025-06-26 08:00:00+00:00,4645.014620809918
2025-06-26 11:15:00+00:00,4683.293120809918
2025-06-26 19:00:00+00:00,4703.137620809919
2025-06-27 04:15:00+00:00,4711.177620809922
2025-06-27 08:15:00+00:00,4686.218663065724
2025-06-27 13:30:00+00:00,4711.952163065724
2025-06-27 20:15:00+00:00,4742.171163065722
2025-06-30 06:15:00+00:00,4760.927663065721
2025-06-30 07:30:00+00:00,4780.142663065723
2025-06-30 13:45:00+00:00,4794.492663065725
2025-06-30 15:15:00+00:00,4768.980950812276
2025-07-01 01:15:00+00:00,4742.354136715554
2025-07-01 01:30:00+00:00,4762.716636715555
2025-07-01 14:00:00+00:00,4794.719136715554
2025-07-01 14:45:00+00:00,4769.250120663236
2025-07-02 05:15:00+00:00,4742.880509520113
2025-07-02 06:30:00+00:00,4716.104550671457
2025-07-02 07:30:00+00:00,4689.73434010157
2025-07-02 09:15:00+00:00,4663.762743933697
2025-07-03 02:00:00+00:00,4690.096743933688
2025-07-03 07:30:00+00:00,4663.722274432868
2025-07-03 09:00:00+00:00,4676.722774432867
2025-07-03 14:00:00+00:00,4714.85877443287
2025-07-04 01:45:00+00:00,4743.538774432872
2025-07-04 07:30:00+00:00,4786.174774432871
2025-07-04 13:30:00+00:00,4805.57877443287
2025-07-07 00:45:00+00:00,4813.468274432868
2025-07-07 02:30:00+00:00,4786.121411826045
2025-07-07 07:30:00+00:00,4759.4087971238805
2025-07-07 08:45:00+00:00,4733.551099143618
2025-07-08 09:30:00+00:00,4756.893099143615
2025-07-08 14:00:00+00:00,4731.712638787086
2025-07-08 17:00:00+00:00,4772.589138787086
2025-07-09 05:30:00+00:00,4804.296138787087
2025-07-09 07:30:00+00:00,4824.966138787087
2025-07-09 11:45:00+00:00,4798.467425520788
2025-07-09 12:30:00+00:00,4811.109425520791
2025-07-10 07:30:00+00:00,4855.391425520792
2025-07-10 11:00:00+00:00,4828.382552212329
2025-07-10 13:30:00+00:00,4800.963376249294
2025-07-11 13:30:00+00:00,4859.876876249291
2025-07-11 15:00:00+00:00,4863.786876249288
2025-07-14 05:30:00+00:00,4898.0568762492885
2025-07-14 07:15:00+00:00,4920.125376249286
2025-07-14 14:15:00+00:00,4937.275376249283
2025-07-15 04:00:00+00:00,4969.495376249286
2025-07-15 06:45:00+00:00,4983.55537624929
2025-07-15 10:15:00+00:00,5003.144876249288
2025-07-15 12:30:00+00:00,5036.248376249289
2025-07-15 15:30:00+00:00,5009.885621004295
2025-07-16 00:30:00+00:00,4980.331740633574
2025-07-16 01:15:00+00:00,4950.893796924092
2025-07-16 04:45:00+00:00,4921.991061691089
2025-07-16 06:00:00+00:00,4892.397523003725
2025-07-17 06:00:00+00:00,4865.433676263698
2025-07-17 11:45:00+00:00,4840.010290609443
2025-07-17 12:30:00+00:00,4814.389173768464
2025-07-18 00:30:00+00:00,4787.449761457852
2025-07-18 07:00:00+00:00,4805.194761457842
2025-07-18 11:00:00+00:00,4778.478482967049
2025-07-18 13:15:00+00:00,4752.8131953953025
2025-07-18 13:45:00+00:00,4727.050512140972
2025-07-21 00:45:00+00:00,4724.48951214097
2025-07-21 02:00:00+00:00,4698.824341406412
2025-07-21 04:00:00+00:00,4709.199341406411
2025-07-21 06:30:00+00:00,4681.764608831832
2025-07-22 00:45:00+00:00,4686.450608831832
2025-07-22 02:15:00+00:00,4690.2791088318345
2025-07-22 10:00:00+00:00,4664.04617488972
2025-07-22 12:15:00+00:00,4688.583674889722
2025-07-23 00:45:00+00:00,4699.293674889724
2025-07-23 06:30:00+00:00,4713.131174889719
2025-07-23 07:45:00+00:00,4726.574674889716
2025-07-23 13:30:00+00:00,4701.196035381081
2025-07-24 01:15:00+00:00,4711.164035381079
2025-07-24 07:45:00+00:00,4684.859556682103
2025-07-24 12:30:00+00:00,4659.220264109394
2025-07-24 14:00:00+00:00,4634.342506072227
2025-07-25 05:45:00+00:00,4655.415506072225
2025-07-25 07:15:00+00:00,4629.9750978335815
2025-07-25 08:00:00+00:00,4645.07809783358
2025-07-25 13:00:00+00:00,4620.097481353696
2025-07-28 02:45:00+00:00,4630.870481353693
2025-07-28 07:15:00+00:00,4605.436026633048
2025-07-28 08:45:00+00:00,4581.4214701329165
2025-07-28 15:30:00+00:00,4557.540388249468
2025-07-29 00:30:00+00:00,4559.6853882494715
2025-07-29 01:30:00+00:00,4567.84538824947
2025-07-29 05:30:00+00:00,4590.609388249465
2025-07-29 09:00:00+00:00,4634.464388249464
2025-07-30 03:00:00+00:00,4608.158124870893
2025-07-30 06:00:00+00:00,4581.540318165611
2025-07-30 12:15:00+00:00,4556.3024352963685
2025-07-30 18:45:00+00:00,4532.282972368903
2025-07-31 04:30:00+00:00,4542.362972368904
2025-07-31 07:45:00+00:00,4578.241472368904
2025-07-31 14:30:00+00:00,4606.598472368906
2025-07-31 23:00:00+00:00,4626.218472368901
2025-08-01 01:30:00+00:00,4636.027972368901
2025-08-01 03:00:00+00:00,4646.580472368901
2025-08-01 07:30:00+00:00,4674.364472368896
2025-08-01 09:30:00+00:00,4648.783879572364
2025-08-04 03:00:00+00:00,4687.111879572362
2025-08-04 09:15:00+00:00,4700.919879572361
2025-08-04 11:45:00+00:00,4720.799879572361
2025-08-04 14:00:00+00:00,4744.1923795723615
2025-08-05 02:00:00+00:00,4718.1890009801955
2025-08-05 07:15:00+00:00,4738.1960009802015
2025-08-05 09:00:00+00:00,4712.236300912554
2025-08-05 13:15:00+00:00,4732.167300912553
2025-08-06 00:30:00+00:00,4744.857300912557
2025-08-06 03:00:00+00:00,4757.737300912559
2025-08-06 12:45:00+00:00,4732.766457119033
2025-08-06 15:00:00+00:00,4707.018409926286
2025-08-07 06:45:00+00:00,4680.892979528692
2025-08-07 09:45:00+00:00,4702.991979528687
2025-08-07 11:00:00+00:00,4677.503800867082
2025-08-07 14:00:00+00:00,4652.665203819966
2025-08-08 07:00:00+00:00,4674.375203819967
2025-08-08 12:30:00+00:00,4699.444203819971
2025-08-11 03:15:00+00:00,4671.987853141128
2025-08-11 09:15:00+00:00,4645.0116679662915
2025-08-11 14:00:00+00:00,4619.478654465439
2025-08-12 01:30:00+00:00,4671.149154465436
2025-08-12 04:45:00+00:00,4644.277199458214
2025-08-12 05:30:00+00:00,4659.440699458213
2025-08-12 07:30:00+00:00,4676.583699458218
2025-08-12 12:30:00+00:00,4693.971699458221
2025-08-13 02:00:00+00:00,4694.145699458217
2025-08-13 08:15:00+00:00,4667.988783426707
2025-08-13 09:15:00+00:00,4642.0071847266945
2025-08-13 14:15:00+00:00,4666.6071847266985
2025-08-14 06:30:00+00:00,4639.354910209903
2025-08-14 08:45:00+00:00,4613.452310892018
2025-08-14 10:15:00+00:00,4625.712310892016
2025-08-14 16:00:00+00:00,4602.654555496601
2025-08-15 02:15:00+00:00,4606.5140554966
2025-08-15 05:45:00+00:00,4579.983435007993
2025-08-15 06:45:00+00:00,4553.099064265404
2025-08-15 08:00:00+00:00,4527.151233564218
2025-08-18 04:00:00+00:00,4533.28623356422
2025-08-18 09:30:00+00:00,4508.1939409658235
2025-08-19 01:15:00+00:00,4483.660680641926
2025-08-19 05:00:00+00:00,4513.285680641929
2025-08-19 10:15:00+00:00,4488.140148601264
2025-08-19 18:15:00+00:00,4464.000499017723
2025-08-20 00:00:00+00:00,4438.9787972236645
2025-08-20 01:15:00+00:00,4412.861686049731
2025-08-20 02:00:00+00:00,4387.554795373907
2025-08-20 08:30:00+00:00,4396.959795373905
2025-08-20 11:45:00+00:00,4409.2552953739005
2025-08-21 01:30:00+00:00,4417.076295373899
2025-08-21 07:30:00+00:00,4436.003295373897
2025-08-21 09:15:00+00:00,4411.1439511262115
2025-08-21 14:30:00+00:00,4387.58480063049
2025-08-22 04:30:00+00:00,4363.038287324734
2025-08-22 11:45:00+00:00,4404.87578732474
2025-08-22 13:00:00+00:00,4380.399370094831
2025-08-22 13:45:00+00:00,4396.083370094825
2025-08-25 00:00:00+00:00,4370.690123965779
2025-08-25 06:15:00+00:00,4413.81112396578
2025-08-25 07:45:00+00:00,4438.456123965778
2025-08-25 18:00:00+00:00,4414.192326517662
2025-08-26 03:00:00+00:00,4449.792326517662
2025-08-26 09:00:00+00:00,4464.124826517663
2025-08-27 02:00:00+00:00,4439.971936130472
2025-08-27 04:00:00+00:00,4414.530635871423
2025-08-27 07:15:00+00:00,4389.318445516789
2025-08-27 08:15:00+00:00,4365.264605931549
2025-08-27 11:00:00+00:00,4341.555162122039
2025-08-28 02:00:00+00:00,4316.152930915418
2025-08-28 10:15:00+00:00,4292.028898444734
2025-08-28 12:00:00+00:00,4268.699146482797
2025-08-28 22:30:00+00:00,4293.899146482798
2025-08-29 07:45:00+00:00,4325.125146482796
2025-08-29 08:30:00+00:00,4300.71174949051
2025-08-29 10:00:00+00:00,4313.280249490514
2025-09-01 02:45:00+00:00,4290.834184980068
2025-09-01 06:00:00+00:00,4266.164138502206
2025-09-01 06:45:00+00:00,4241.66239208221
2025-09-01 08:45:00+00:00,4217.490065617663
2025-09-01 09:45:00+00:00,4227.284565617663
2025-09-02 00:15:00+00:00,4238.5045656176635
2025-09-02 01:00:00+00:00,4212.762228895155
2025-09-02 02:00:00+00:00,4187.244523730759
2025-09-02 02:15:00+00:00,4162.491892974231
2025-09-03 02:30:00+00:00,4138.079238793404
2025-09-03 04:30:00+00:00,4141.759238793411
2025-09-03 07:15:00+00:00,4146.181738793414
2025-09-03 08:00:00+00:00,4156.492738793412
2025-09-04 01:30:00+00:00,4156.8647387934125
2025-09-04 01:45:00+00:00,4154.67473879341
2025-09-04 05:00:00+00:00,4131.352897837245
2025-09-04 13:15:00+00:00,4132.913897837244
2025-09-05 00:45:00+00:00,4108.069393781279
2025-09-05 02:00:00+00:00,4083.887583076465
2025-09-05 07:45:00+00:00,4060.2807926280766
2025-09-05 09:00:00+00:00,4037.0769059778627
2025-09-08 06:00:00+00:00,4013.433779001282
2025-09-08 06:45:00+00:00,3991.1885105884303
2025-09-08 13:00:00+00:00,3969.1294200561924
2025-09-08 18:45:00+00:00,3947.4871328680297
2025-09-09 01:45:00+00:00,3924.043889066198
2025-09-09 09:00:00+00:00,3940.441889066198
2025-09-09 12:30:00+00:00,3919.270236719826
2025-09-09 14:00:00+00:00,3944.770236719825
2025-09-10 01:00:00+00:00,3922.4635197941216
2025-09-10 02:00:00+00:00,3934.7875197941257
2025-09-10 08:15:00+00:00,3913.0465957943447
2025-09-10 09:15:00+00:00,3931.432095794346
2025-09-11 06:45:00+00:00,3909.1028529167115
2025-09-11 11:00:00+00:00,3917.2613529167165
2025-09-15 10:15:00+00:00,3897.5261267764736
2025-09-15 12:00:00+00:00,3875.681586698014
2025-09-15 16:30:00+00:00,3879.6145866980146
2025-09-16 01:30:00+00:00,3879.300086698016
2025-09-16 03:30:00+00:00,3856.751552063674
2025-09-16 06:15:00+00:00,3834.5323599428893
2025-09-16 08:15:00+00:00,3813.1619798878405
2025-09-17 10:00:00+00:00,3791.536480143539
2025-09-17 13:00:00+00:00,3808.9824801435425
2025-09-17 16:00:00+00:00,3820.6294801435442
2025-09-18 05:45:00+00:00,3800.365884428376
2025-09-18 07:00:00+00:00,3828.067384428377
2025-09-18 09:30:00+00:00,3808.6381942952817
2025-09-18 12:45:00+00:00,3789.0444594466376
2025-09-19 01:00:00+00:00,3797.0694594466354
2025-09-19 03:00:00+00:00,3812.2014594466377
2025-09-19 11:30:00+00:00,3792.3126261114962
2025-09-19 12:30:00+00:00,3772.3587670528277
2025-09-22 04:15:00+00:00,3751.080417138492
2025-09-22 05:15:00+00:00,3761.043417138491
2025-09-22 07:15:00+00:00,3739.5882709990674
2025-09-22 08:00:00+00:00,3719.0402881803193
2025-09-23 01:30:00+00:00,3697.1794301166747
2025-09-23 02:30:00+00:00,3701.8594301166763
2025-09-23 08:30:00+00:00,3713.4604301166773
2025-09-23 10:00:00+00:00,3721.9179301166764
2025-09-24 05:45:00+00:00,3701.0021400187375
2025-09-24 08:00:00+00:00,3680.6435272472327
2025-09-24 10:00:00+00:00,3660.497270836785
2025-09-25 01:00:00+00:00,3638.245187154158
2025-09-25 05:15:00+00:00,3650.0561871541604
2025-09-25 09:00:00+00:00,3662.805187154162
2025-09-25 11:00:00+00:00,3671.1746871541613
2025-09-25 13:45:00+00:00,3652.0853990129976
2025-09-26 09:15:00+00:00,3653.964899012997
2025-09-26 11:45:00+00:00,3671.184899012995
2025-09-26 14:45:00+00:00,3651.943260190104
2025-09-26 18:45:00+00:00,3632.434367881836
2025-09-29 01:30:00+00:00,3611.6090343754977
2025-09-29 09:00:00+00:00,3620.0580343754955
2025-09-29 12:00:00+00:00,3628.0855343754974
2025-09-29 15:15:00+00:00,3650.705534375497
2025-09-30 01:45:00+00:00,3629.1353016203866
2025-09-30 03:15:00+00:00,3640.8953016203864
2025-09-30 06:15:00+00:00,3619.5249487138262
2025-09-30 07:15:00+00:00,3598.699130581149
2025-10-01 06:30:00+00:00,3578.5139560029775
2025-10-01 07:15:00+00:00,3559.2384664631827
2025-10-01 07:45:00+00:00,3560.4914664631824
2025-10-01 12:15:00+00:00,3588.043466463182
2025-10-02 03:30:00+00:00,3598.1404664631814
2025-10-02 07:45:00+00:00,3578.2011266651184
2025-10-02 12:30:00+00:00,3597.6381266651165
2025-10-02 13:45:00+00:00,3578.141444299544
2025-10-03 06:00:00+00:00,3581.7594442995437
2025-10-03 14:00:00+00:00,3562.231271692309
2025-10-03 14:15:00+00:00,3543.381352502595
2025-10-03 14:45:00+00:00,3548.5683525025943
2025-10-06 00:00:00+00:00,3560.5278525025897
2025-10-06 05:15:00+00:00,3578.073352502592
2025-10-06 06:45:00+00:00,3558.33607452973
2025-10-06 07:30:00+00:00,3539.1661037698527
2025-10-06 14:00:00+00:00,3575.171103769853
2025-10-07 01:30:00+00:00,3554.525437532037
2025-10-07 04:45:00+00:00,3534.17467319088
2025-10-07 06:00:00+00:00,3513.7367785372867
2025-10-07 07:00:00+00:00,3494.0915415877153
2025-10-08 01:00:00+00:00,3473.883531774076
2025-10-08 05:00:00+00:00,3454.8684205388686
2025-10-08 08:45:00+00:00,3462.3484205388704
2025-10-08 19:00:00+00:00,3490.983420538871
2025-10-09 01:15:00+00:00,3470.7068650423726
2025-10-09 05:00:00+00:00,3451.2923887096526
2025-10-09 07:30:00+00:00,3432.3223595255063
2025-10-09 14:15:00+00:00,3413.927409911073
2025-10-10 01:45:00+00:00,3418.8334099110725
2025-10-10 05:15:00+00:00,3399.519891856982
2025-10-10 09:15:00+00:00,3404.5838918569816
2025-10-10 12:30:00+00:00,3407.703891856983
2025-10-12 23:00:00+00:00,3424.762891856985
2025-10-13 07:00:00+00:00,3437.407891856982
2025-10-13 07:45:00+00:00,3418.505218517134
2025-10-13 11:30:00+00:00,3400.274486480774
2025-10-13 14:45:00+00:00,3381.873393284894
2025-10-14 01:00:00+00:00,3399.609393284898
2025-10-14 05:30:00+00:00,3379.9077903789557
2025-10-14 13:15:00+00:00,3402.3977903789573
2025-10-14 14:30:00+00:00,3385.214198111059
2025-10-15 02:30:00+00:00,3365.863515714644
2025-10-15 06:15:00+00:00,3346.3134779102907
2025-10-15 06:45:00+00:00,3327.3651206966742
2025-10-15 07:45:00+00:00,3309.348471020868
2025-10-16 06:45:00+00:00,3344.176971020866
2025-10-16 08:00:00+00:00,3349.354471020866
2025-10-16 12:00:00+00:00,3352.2784710208693
2025-10-16 17:00:00+00:00,3334.0878352385066
2025-10-17 00:45:00+00:00,3314.5122897379933
2025-10-17 05:00:00+00:00,3295.819606389386
2025-10-17 06:45:00+00:00,3315.622606389387
2025-10-17 12:15:00+00:00,3298.364858343968
2025-10-20 01:30:00+00:00,3312.3718583439677
2025-10-20 06:15:00+00:00,3329.1248583439674
2025-10-20 07:30:00+00:00,3338.3018583439657
2025-10-20 11:30:00+00:00,3320.1433070828693
2025-10-21 01:30:00+00:00,3331.9513070828752
2025-10-21 05:30:00+00:00,3312.1729120031273
2025-10-21 07:00:00+00:00,3331.410412003127
2025-10-21 11:00:00+00:00,3343.7624120031287
2025-10-22 01:30:00+00:00,3349.5539120031217
2025-10-22 05:00:00+00:00,3329.5932315483005
2025-10-22 06:00:00+00:00,3343.363231548304
2025-10-22 08:00:00+00:00,3324.073594096735
2025-10-23 02:00:00+00:00,3303.831433066214
2025-10-23 09:00:00+00:00,3303.072433066213
2025-10-23 12:30:00+00:00,3319.034433066215
2025-10-23 14:30:00+00:00,3300.3544524455824
2025-10-24 03:15:00+00:00,3280.022803545054
2025-10-24 06:45:00+00:00,3276.293803545057
2025-10-24 07:30:00+00:00,3256.5867230065046
2025-10-24 08:15:00+00:00,3271.8817230065015
2025-10-27 02:00:00+00:00,3284.231723006498
2025-10-27 09:15:00+00:00,3265.9079666461953
2025-10-27 11:45:00+00:00,3247.2466320846415
2025-10-27 23:15:00+00:00,3228.6816125322725
2025-10-28 00:15:00+00:00,3208.969790900984
2025-10-28 01:15:00+00:00,3189.973267557074
2025-10-28 02:00:00+00:00,3171.5193291109044
2025-10-28 06:45:00+00:00,3182.3873291109085
2025-10-29 03:45:00+00:00,3163.5527387720185
2025-10-29 04:45:00+00:00,3144.6358373593503
2025-10-29 09:45:00+00:00,3146.383837359348
2025-10-29 11:30:00+00:00,3165.4153373593454
2025-10-30 04:15:00+00:00,3147.8573881924253
2025-10-30 07:00:00+00:00,3166.057388192424
2025-10-31 07:00:00+00:00,3150.4165026646283
2025-10-31 08:30:00+00:00,3162.5950026646274
2025-10-31 13:00:00+00:00,3145.6392410702724
2025-11-03 08:30:00+00:00,3129.074104435136
2025-11-03 10:00:00+00:00,3111.1925329553824
2025-11-03 15:00:00+00:00,3118.410532955382
2025-11-03 17:15:00+00:00,3101.682788284656
2025-11-04 01:15:00+00:00,3083.5665807786427
2025-11-04 03:15:00+00:00,3099.1315807786373
2025-11-04 07:15:00+00:00,3081.246812061183
2025-11-04 08:45:00+00:00,3106.6868120611844
2025-11-05 07:15:00+00:00,3116.003812061185
2025-11-05 08:00:00+00:00,3115.9768120611843
2025-11-05 08:45:00+00:00,3118.058312061187
2025-11-05 10:15:00+00:00,3099.9726950636423
2025-11-06 01:00:00+00:00,3081.0187768924034
2025-11-06 06:00:00+00:00,3062.370189758543
2025-11-06 07:00:00+00:00,3058.9141897585396
2025-11-06 08:00:00+00:00,3040.1271029299855
2025-11-07 04:15:00+00:00,3022.362443810743
2025-11-07 08:00:00+00:00,3031.801943810745
2025-11-07 12:00:00+00:00,3014.720960346869
2025-11-07 13:15:00+00:00,2997.3678537697024
2025-11-09 23:00:00+00:00,2980.432412176192
2025-11-10 00:45:00+00:00,3005.968412176192
2025-11-10 06:30:00+00:00,3011.7214121761926
2025-11-10 08:15:00+00:00,2995.4452543395223
2025-11-10 10:30:00+00:00,3006.57325433952
2025-11-11 02:15:00+00:00,3023.4077543395206
2025-11-11 06:30:00+00:00,3040.5662543395206
2025-11-11 13:15:00+00:00,3023.133441221111
2025-11-12 01:15:00+00:00,3048.7564412211145
2025-11-12 01:30:00+00:00,3030.3755843021722
2025-11-12 04:15:00+00:00,3012.096284903812
2025-11-12 08:00:00+00:00,3018.8692849038093
2025-11-12 11:45:00+00:00,3031.152784903807
2025-11-13 01:45:00+00:00,3047.1557849038127
2025-11-13 09:00:00+00:00,3030.2481589725057
2025-11-13 15:30:00+00:00,3014.206246712913
2025-11-13 17:15:00+00:00,2997.6719447554196
2025-11-14 05:45:00+00:00,2980.9930876902577
2025-11-14 06:30:00+00:00,2987.9125876902576
2025-11-14 09:30:00+00:00,2971.6818809586293
2025-11-14 12:15:00+00:00,2995.705880958632
2025-11-17 02:00:00+00:00,2978.0140861701057
2025-11-17 08:15:00+00:00,3002.003586170105
2025-11-17 14:30:00+00:00,2984.7459902235514
2025-11-17 15:45:00+00:00,3004.4109902235477
2025-11-18 07:45:00+00:00,3020.1859902235465
2025-11-18 08:45:00+00:00,3022.3279902235445
2025-11-18 13:00:00+00:00,3038.1804902235426
2025-11-18 15:30:00+00:00,3021.0875870817254
2025-11-19 02:45:00+00:00,3024.2205870817274
2025-11-19 07:30:00+00:00,3005.638253566311
2025-11-19 09:30:00+00:00,2989.037953190002
2025-11-19 11:30:00+00:00,3002.3804531900005
2025-11-20 03:45:00+00:00,2985.602492131893
2025-11-20 11:15:00+00:00,2992.2714921318952
2025-11-20 15:30:00+00:00,3003.881992131895
2025-11-21 04:15:00+00:00,2985.996417258807
2025-11-21 08:00:00+00:00,2990.987417258808
2025-11-21 09:00:00+00:00,2999.2754172588066
2025-11-21 11:45:00+00:00,2983.5933571929118
2025-11-24 05:00:00+00:00,2965.7086588355805
2025-11-24 10:00:00+00:00,2949.5665205267323
2025-11-24 17:00:00+00:00,2933.4800823434025
2025-11-25 02:30:00+00:00,2938.421082343407
2025-11-25 07:00:00+00:00,2955.0935823434024
2025-11-25 12:30:00+00:00,2938.4736894478942
2025-11-25 13:15:00+00:00,2922.307411953266
2025-11-26 03:30:00+00:00,2905.6921184390594
2025-11-26 07:15:00+00:00,2908.9601184390585
2025-11-26 08:45:00+00:00,2893.3152674736307
2025-11-26 09:30:00+00:00,2877.5693203260894
2025-11-27 01:30:00+00:00,2860.4816816648063
2025-11-27 01:45:00+00:00,2843.4030057639425
2025-11-27 02:45:00+00:00,2862.021505763943
2025-11-27 07:30:00+00:00,2845.494157850477
2025-11-28 00:30:00+00:00,2855.0061578504733
2025-11-28 07:45:00+00:00,2837.7761073627244
2025-11-28 08:45:00+00:00,2821.914253358011
2025-11-28 09:45:00+00:00,2806.1425909701406
2025-11-30 22:45:00+00:00,2818.484590970139
2025-11-30 23:45:00+00:00,2819.9665909701375
2025-12-01 02:00:00+00:00,2829.3825909701377
2025-12-01 08:15:00+00:00,2813.454099489445
2025-12-01 09:00:00+00:00,2798.6243246076187
2025-12-01 15:30:00+00:00,2821.6753246076187
2025-12-02 01:00:00+00:00,2824.2988246076156
2025-12-02 05:00:00+00:00,2826.196324607614
2025-12-02 07:00:00+00:00,2828.015324607608
2025-12-02 07:45:00+00:00,2833.6253246076094
2025-12-03 04:45:00+00:00,2816.9315225443843
2025-12-03 06:15:00+00:00,2798.645133740431
2025-12-03 07:00:00+00:00,2781.0563436095745
2025-12-03 07:45:00+00:00,2791.7813436095757
2025-12-04 03:00:00+00:00,2775.0072947299213
2025-12-04 13:30:00+00:00,2799.336794729924
2025-12-04 14:15:00+00:00,2807.544794729926
2025-12-04 20:15:00+00:00,2792.590693934921
2025-12-05 05:00:00+00:00,2775.0291161833056
2025-12-05 06:30:00+00:00,2757.3273467132735
2025-12-05 08:45:00+00:00,2779.952346713275
2025-12-05 16:00:00+00:00,2780.141346713275
2025-12-08 03:00:00+00:00,2764.4175861747494
2025-12-08 08:15:00+00:00,2779.3560861747515
2025-12-09 01:45:00+00:00,2801.693086174751
2025-12-09 07:15:00+00:00,2816.266086174753
2025-12-09 08:00:00+00:00,2799.668547758304
2025-12-09 10:15:00+00:00,2810.688547758303
2025-12-09 15:00:00+00:00,2794.953532585251
2025-12-10 02:15:00+00:00,2798.5850325852525
2025-12-10 07:00:00+00:00,2781.1017491891957
2025-12-10 09:45:00+00:00,2812.1117491891982
2025-12-10 15:45:00+00:00,2814.344749189198
2025-12-11 07:30:00+00:00,2831.822749189201
2025-12-11 08:15:00+00:00,2816.2396390707063
2025-12-11 09:15:00+00:00,2823.335639070709
2025-12-11 13:30:00+00:00,2807.829731996063
2025-12-12 06:00:00+00:00,2812.26073199606
2025-12-12 10:45:00+00:00,2796.515306339533
2025-12-12 13:30:00+00:00,2813.1553063395295
2025-12-12 16:30:00+00:00,2826.2833063395296
2025-12-15 01:30:00+00:00,2838.6673063395265
2025-12-15 08:30:00+00:00,2843.6128063395304
2025-12-15 11:15:00+00:00,2827.5959285857534
2025-12-15 17:15:00+00:00,2835.2759285857564
2025-12-16 07:00:00+00:00,2818.1007761243277
2025-12-16 13:45:00+00:00,2829.6282761243287
2025-12-16 15:00:00+00:00,2815.1476557564383
2025-12-16 15:45:00+00:00,2830.3531557564406
2025-12-17 04:15:00+00:00,2813.6482941133245
2025-12-17 06:00:00+00:00,2797.3584140495736
2025-12-17 13:15:00+00:00,2826.5049140495767
2025-12-17 13:45:00+00:00,2811.813057718029
2025-12-18 02:15:00+00:00,2814.7770577180304
2025-12-18 07:00:00+00:00,2797.9149201098685
2025-12-18 09:15:00+00:00,2781.547142777511
2025-12-18 12:15:00+00:00,2765.5442171852956
2025-12-19 02:45:00+00:00,2766.6367171852926
2025-12-19 06:30:00+00:00,2750.3534153194732
2025-12-19 07:15:00+00:00,2734.3132805180894
2025-12-19 09:15:00+00:00,2738.87628051809
2025-12-22 08:30:00+00:00,2722.9799860825374
2025-12-22 12:00:00+00:00,2707.6571743484596
2025-12-22 14:30:00+00:00,2692.3447157322717
2025-12-22 15:45:00+00:00,2677.9050325476646
2025-12-23 01:30:00+00:00,2662.242436042776
2025-12-23 07:45:00+00:00,2646.442239730926
2025-12-23 09:00:00+00:00,2631.4058917887814
2025-12-23 09:45:00+00:00,2616.508642825987
2025-12-24 01:30:00+00:00,2601.304186213248
2025-12-24 03:00:00+00:00,2609.6831862132467
2025-12-26 08:45:00+00:00,2614.624186213248
2025-12-26 15:45:00+00:00,2631.866686213248
2025-12-29 00:30:00+00:00,2651.9646862132504
2025-12-29 07:30:00+00:00,2677.3346862132553
2025-12-29 13:45:00+00:00,2688.4886862132544
2025-12-29 15:45:00+00:00,2703.842686213257
2025-12-30 05:45:00+00:00,2709.918186213253
2025-12-30 07:15:00+00:00,2716.372186213251
2025-12-30 08:30:00+00:00,2723.352686213249
2025-12-30 09:15:00+00:00,2729.988686213251
2025-12-31 04:45:00+00:00,2713.3002081390714
2025-12-31 07:15:00+00:00,2696.5590407396962
2025-12-31 08:00:00+00:00,2697.168540739692
2025-12-31 09:30:00+00:00,2710.299540739691
2026-01-02 09:00:00+00:00,2718.886040739689
2026-01-02 15:00:00+00:00,2736.2930407396907
2026-01-02 18:00:00+00:00,2754.7550407396907
2026-01-05 01:00:00+00:00,2739.3642044327958
2026-01-05 03:15:00+00:00,2724.081840191724
2026-01-05 13:00:00+00:00,2709.080631586685
2026-01-05 14:15:00+00:00,2712.2966315866856
2026-01-06 01:45:00+00:00,2725.2111315866855
2026-01-06 07:00:00+00:00,2709.9193563602416
2026-01-06 08:30:00+00:00,2694.223598210524
2026-01-06 09:15:00+00:00,2679.2171289345515
2026-01-07 07:30:00+00:00,2690.7571289345506
2026-01-07 10:15:00+00:00,2704.99462893455
2026-01-07 15:30:00+00:00,2703.4966289345534
2026-01-07 22:00:00+00:00,2688.3277464608036
2026-01-08 02:30:00+00:00,2689.0317464608065
2026-01-08 06:15:00+00:00,2696.1997464608103
2026-01-08 10:00:00+00:00,2703.8752464608037
2026-01-08 15:15:00+00:00,2720.7502464608065
2026-01-09 03:00:00+00:00,2730.4792464608004
2026-01-09 08:15:00+00:00,2714.6204501222305
2026-01-09 14:15:00+00:00,2713.8824501222302
2026-01-09 15:15:00+00:00,2699.142074968413
2026-01-11 23:15:00+00:00,2683.233730958471
2026-01-11 23:30:00+00:00,2667.430120641968
2026-01-12 00:45:00+00:00,2652.8110181962857
2026-01-12 07:00:00+00:00,2639.0385705713143
2026-01-12 08:00:00+00:00,2624.682049689101
2026-01-12 08:45:00+00:00,2610.6387243903864
2026-01-13 01:15:00+00:00,2594.911290184241
2026-01-13 04:15:00+00:00,2602.558790184245
2026-01-13 06:00:00+00:00,2604.490790184247
2026-01-13 16:00:00+00:00,2590.3002658487576
2026-01-14 02:00:00+00:00,2574.8878023200505
2026-01-14 05:45:00+00:00,2585.0668023200496
2026-01-14 11:30:00+00:00,2595.50680232005
2026-01-14 13:30:00+00:00,2595.7388023200488
2026-01-15 01:30:00+00:00,2580.3808732494854
2026-01-15 07:15:00+00:00,2564.962053739245
2026-01-15 08:30:00+00:00,2575.9070537392486
2026-01-15 14:30:00+00:00,2561.972699264717
2026-01-16 03:15:00+00:00,2563.8476992647156
2026-01-16 07:15:00+00:00,2561.7011992647126
2026-01-16 11:15:00+00:00,2547.093799919705
2026-01-16 13:15:00+00:00,2556.163799919705
2026-01-19 00:30:00+00:00,2542.3261292267307
2026-01-19 18:00:00+00:00,2528.9028226143364
2026-01-20 01:45:00+00:00,2531.002822614333
2026-01-20 05:00:00+00:00,2515.7087006030893
2026-01-20 07:15:00+00:00,2501.218596183719
2026-01-20 12:15:00+00:00,2487.6999988294374
2026-01-21 02:30:00+00:00,2492.9959988294404
2026-01-21 06:30:00+00:00,2504.307998829438
2026-01-21 11:45:00+00:00,2512.6409988294354
2026-01-21 13:45:00+00:00,2499.3949298440866
2026-01-22 05:45:00+00:00,2511.5789298440864
2026-01-22 11:45:00+00:00,2497.8070672496415
2026-01-22 13:00:00+00:00,2484.3300857573377
2026-01-22 14:30:00+00:00,2471.2761842936256
2026-01-23 08:00:00+00:00,2457.269218418867
2026-01-23 16:00:00+00:00,2443.573234828427
2026-01-23 16:30:00+00:00,2430.26792334103
2026-01-23 19:00:00+00:00,2417.159136021815
2026-01-25 23:45:00+00:00,2418.1191360218154
2026-01-26 07:45:00+00:00,2404.987723288616
2026-01-26 08:30:00+00:00,2416.023723288616
2026-01-26 15:30:00+00:00,2403.26206653117
2026-01-27 07:45:00+00:00,2424.942066531171
2026-01-27 09:30:00+00:00,2434.3800665311724
2026-01-27 10:45:00+00:00,2422.2987669199274
2026-01-27 14:30:00+00:00,2410.6316568897037
2026-01-27 16:30:00+00:00,2398.3497965922706
2026-01-28 07:45:00+00:00,2401.513796592271
2026-01-28 14:30:00+00:00,2409.1097965922713
2026-01-28 16:30:00+00:00,2397.358098760444
2026-01-28 19:00:00+00:00,2387.128798590764
2026-01-29 08:45:00+00:00,2374.894605051295
2026-01-29 09:45:00+00:00,2363.048137942931
2026-01-29 10:00:00+00:00,2351.189092323984
2026-01-29 10:45:00+00:00,2339.108828758086
2026-01-30 02:00:00+00:00,2327.3219308358885
2026-01-30 12:00:00+00:00,2351.1089308358887
2026-01-30 12:45:00+00:00,2359.01893083589
2026-01-30 16:30:00+00:00,2346.9102633445227
2026-02-01 23:45:00+00:00,2350.2552633445257
2026-02-02 05:30:00+00:00,2364.2902633445237
2026-02-02 07:00:00+00:00,2371.2382633445227
2026-02-02 12:00:00+00:00,2378.426263344523
2026-02-02 15:30:00+00:00,2365.711666349419
2026-02-03 01:30:00+00:00,2352.9366744686736
2026-02-03 07:30:00+00:00,2339.6551165733704
2026-02-03 08:15:00+00:00,2342.0666165733714
2026-02-03 10:45:00+00:00,2330.0364048379383
2026-02-04 04:45:00+00:00,2317.069658273826
2026-02-04 13:15:00+00:00,2333.311158273826
2026-02-04 17:15:00+00:00,2343.2831582738263
2026-02-05 07:00:00+00:00,2357.7801582738243
2026-02-05 09:15:00+00:00,2369.759658273826
2026-02-05 15:15:00+00:00,2378.4796582738254
2026-02-06 00:15:00+00:00,2365.5112432973224
2026-02-06 05:00:00+00:00,2351.964188566737
2026-02-06 21:15:00+00:00,2339.6557345095935
2026-02-09 05:30:00+00:00,2326.638683810857
2026-02-09 06:15:00+00:00,2313.5328227640352
2026-02-09 08:15:00+00:00,2301.0012559155875
2026-02-09 13:00:00+00:00,2288.4282011311475
2026-02-10 02:45:00+00:00,2302.4522011311487
2026-02-10 09:15:00+00:00,2290.065664068375
2026-02-10 11:00:00+00:00,2298.9216640683753
2026-02-10 14:00:00+00:00,2315.2056640683745
2026-02-11 05:30:00+00:00,2302.1109101414
2026-02-11 11:15:00+00:00,2307.5934101413986
2026-02-11 12:30:00+00:00,2295.014894676498
2026-02-11 13:30:00+00:00,2282.4060595903516
2026-02-12 02:00:00+00:00,2269.6315892407233
2026-02-12 03:30:00+00:00,2276.6755892407236
2026-02-12 06:30:00+00:00,2263.7313816745454
2026-02-12 12:45:00+00:00,2280.2863816745453
2026-02-13 02:15:00+00:00,2283.9463816745456
2026-02-13 06:30:00+00:00,2270.653787560933
2026-02-13 07:15:00+00:00,2257.856692749868
2026-02-13 08:45:00+00:00,2273.552692749865
2026-02-16 07:15:00+00:00,2272.848692749867
2026-02-16 14:15:00+00:00,2287.5186927498653
2026-02-17 03:00:00+00:00,2273.062830493355
2026-02-17 06:00:00+00:00,2274.5253304933512
2026-02-17 08:45:00+00:00,2275.8933304933526
2026-02-17 15:00:00+00:00,2264.0266664203896
2026-02-18 04:00:00+00:00,2250.3760185906835
2026-02-18 08:30:00+00:00,2237.0141795557724
2026-02-18 10:00:00+00:00,2249.560179555777
2026-02-18 13:30:00+00:00,2254.472679555779
2026-02-19 04:00:00+00:00,2260.574679555779
2026-02-19 08:15:00+00:00,2247.0507833268307
2026-02-19 12:15:00+00:00,2234.293312941253
2026-02-19 13:00:00+00:00,2221.573606333281
2026-02-20 05:00:00+00:00,2208.7704611611493
2026-02-20 07:45:00+00:00,2211.617961161149
2026-02-20 08:45:00+00:00,2210.6104611611486
2026-02-20 13:15:00+00:00,2198.8655200981625
2026-02-23 10:00:00+00:00,2222.7895200981643
2026-02-23 11:15:00+00:00,2210.4729025852635
2026-02-24 01:00:00+00:00,2198.833528414279
2026-02-24 04:15:00+00:00,2186.394761917362
2026-02-24 09:30:00+00:00,2174.122213447681
2026-02-24 14:00:00+00:00,2161.906520402338
2026-02-24 16:00:00+00:00,2172.170020402337
2026-02-25 02:15:00+00:00,2159.339049697097
2026-02-25 04:15:00+00:00,2146.679146741469
2026-02-25 07:00:00+00:00,2134.0574953152664
2026-02-25 13:15:00+00:00,2155.4984953152652
2026-02-26 01:00:00+00:00,2143.192659058993
2026-02-26 01:30:00+00:00,2130.776225299223
2026-02-26 02:30:00+00:00,2146.608225299221
2026-02-26 07:45:00+00:00,2151.669225299221
2026-02-27 02:30:00+00:00,2153.1812252992195
2026-02-27 07:00:00+00:00,2167.029225299221
2026-02-27 09:00:00+00:00,2173.8737252992205
2026-02-27 12:15:00+00:00,2184.619725299221
2026-03-02 05:45:00+00:00,2194.531725299221
2026-03-02 07:45:00+00:00,2182.874495191666
2026-03-02 17:45:00+00:00,2197.2444951916664
2026-03-03 02:00:00+00:00,2203.6444951916674
2026-03-03 05:45:00+00:00,2191.641249090905
2026-03-03 07:00:00+00:00,2180.299304875336
2026-03-03 09:30:00+00:00,2169.5628067967223
2026-03-04 03:45:00+00:00,2178.0363067967214
2026-03-04 07:15:00+00:00,2166.102245818141
2026-03-04 08:15:00+00:00,2174.19824581814
2026-03-04 11:15:00+00:00,2162.8663736007106
2026-03-05 05:45:00+00:00,2151.1014379008116
2026-03-05 06:45:00+00:00,2169.0664379008126
2026-03-05 09:00:00+00:00,2174.687437900811
2026-03-05 11:30:00+00:00,2185.239937900812
2026-03-06 05:45:00+00:00,2190.044937900814
2026-03-06 07:15:00+00:00,2199.4049379008134
2026-03-06 11:30:00+00:00,2187.5350916508155
2026-03-08 18:00:00+00:00,2202.5525916508145
2026-03-09 08:15:00+00:00,2219.3105916508143
2026-03-09 19:15:00+00:00,2209.1666299720814
2026-03-09 20:30:00+00:00,2199.1273353364368
2026-03-10 07:30:00+00:00,2187.960854670302
2026-03-10 10:30:00+00:00,2207.9288546703015
2026-03-10 13:15:00+00:00,2217.7568546703005
2026-03-10 19:15:00+00:00,2206.567746626618
2026-03-11 06:00:00+00:00,2220.355746626618
2026-03-11 07:00:00+00:00,2227.222746626619
2026-03-11 08:30:00+00:00,2215.8571065037627
2026-03-11 09:15:00+00:00,2203.8873064491295
2026-03-11 12:45:00+00:00,2193.182379941185
2026-03-12 02:30:00+00:00,2180.949738326074
2026-03-12 09:30:00+00:00,2168.7186106325703
2026-03-12 12:00:00+00:00,2179.4821106325717
2026-03-12 13:15:00+00:00,2168.4908591581166
2026-03-13 01:00:00+00:00,2156.0810750948876
2026-03-13 04:30:00+00:00,2144.312307980063
2026-03-13 12:45:00+00:00,2176.316307980063
2026-03-13 14:45:00+00:00,2183.2013079800627
2026-03-16 06:00:00+00:00,2194.1228079800617
2026-03-16 06:30:00+00:00,2181.633980553538
2026-03-16 07:30:00+00:00,2169.45980780988
2026-03-16 08:15:00+00:00,2181.5213078098795
2026-03-17 03:30:00+00:00,2194.0793078098773
2026-03-17 07:15:00+00:00,2207.513307809875
2026-03-17 09:15:00+00:00,2196.051915553332
2026-03-17 13:00:00+00:00,2185.131571552175
2026-03-18 06:00:00+00:00,2171.9853893865907
2026-03-18 07:15:00+00:00,2187.462389386593
2026-03-18 08:30:00+00:00,2174.8160036175627
2026-03-18 09:30:00+00:00,2188.596003617562
2026-03-19 05:30:00+00:00,2204.196003617561
2026-03-19 09:15:00+00:00,2214.73200361756
2026-03-19 12:30:00+00:00,2220.1710036175605
2026-03-19 15:00:00+00:00,2210.1740242777482
2026-03-20 09:30:00+00:00,2223.5360242777497
2026-03-20 11:00:00+00:00,2240.9210242777494
2026-03-20 15:15:00+00:00,2256.450524277748
2026-03-23 00:30:00+00:00,2273.620524277749
2026-03-23 08:15:00+00:00,2285.544524277749
2026-03-23 11:00:00+00:00,2305.6170242777484
2026-03-23 12:30:00+00:00,2295.196386729416
2026-03-23 14:15:00+00:00,2287.2972377649894
2026-03-24 01:30:00+00:00,2275.996447484017
2026-03-24 07:00:00+00:00,2289.800447484017
2026-03-24 08:45:00+00:00,2302.676447484018
2026-03-24 14:15:00+00:00,2308.353447484018
2026-03-25 09:15:00+00:00,2310.589947484018
2026-03-25 16:00:00+00:00,2298.6597946389425
2026-03-26 01:15:00+00:00,2299.1477946389414
2026-03-26 06:45:00+00:00,2305.7522946389417
2026-03-26 13:45:00+00:00,2325.0972946389425
2026-03-26 20:00:00+00:00,2332.3672946389406
2026-03-27 10:45:00+00:00,2319.585328169067
2026-03-27 12:45:00+00:00,2326.407328169068
2026-03-27 14:15:00+00:00,2314.2144520571533
2026-03-30 00:15:00+00:00,2332.4384520571516
2026-03-30 09:15:00+00:00,2319.8597785541856
2026-03-30 13:30:00+00:00,2307.2847852197756
2026-03-30 15:00:00+00:00,2295.0357391360003
2026-03-31 00:45:00+00:00,2314.2437391360004
2026-03-31 05:00:00+00:00,2326.2612391359985
2026-03-31 11:30:00+00:00,2332.2792391359962
2026-03-31 13:15:00+00:00,2320.781384369755
2026-03-31 14:30:00+00:00,2309.4587657510124
2026-04-01 01:00:00+00:00,2326.918765751011
2026-04-01 06:15:00+00:00,2314.1426008978724
2026-04-01 08:15:00+00:00,2302.324135769164
2026-04-01 12:30:00+00:00,2290.4851361639744
2026-04-02 04:45:00+00:00,2278.411594127827
2026-04-02 10:45:00+00:00,2267.0746256717416
2026-04-02 12:00:00+00:00,2278.4946256717403
2026-04-03 12:30:00+00:00,2293.345125671742
2026-04-03 13:30:00+00:00,2280.631179003811
2026-04-03 14:15:00+00:00,2267.5704571271904
2026-04-03 18:30:00+00:00,2255.06183250513
2026-04-06 05:15:00+00:00,2242.3032543329364
2026-04-06 07:30:00+00:00,2229.7841454895542
2026-04-06 14:30:00+00:00,2217.6227173752764
2026-04-06 15:00:00+00:00,2226.927717375275
2026-04-07 01:45:00+00:00,2213.6321649030674
2026-04-07 04:45:00+00:00,2227.5721649030666
2026-04-07 08:00:00+00:00,2214.6134570318445
2026-04-07 14:30:00+00:00,2202.903197764318
2026-04-08 05:45:00+00:00,2191.9108128991093
2026-04-08 06:30:00+00:00,2181.021679394144
2026-04-08 07:15:00+00:00,2189.2686793941425
2026-04-08 12:15:00+00:00,2196.209179394142
2026-04-09 02:00:00+00:00,2197.1401793941436
2026-04-09 05:45:00+00:00,2205.855179394141
2026-04-09 11:30:00+00:00,2193.929310030464
2026-04-09 15:15:00+00:00,2181.7460950010527
2026-04-10 03:30:00+00:00,2191.5060950010547
2026-04-10 07:45:00+00:00,2178.682132741832
2026-04-10 08:30:00+00:00,2181.937132741835
2026-04-10 12:30:00+00:00,2170.2322732876705
2026-04-13 06:00:00+00:00,2158.899988631982
2026-04-13 07:15:00+00:00,2159.4459886319855
2026-04-13 08:30:00+00:00,2162.2084886319835
2026-04-13 16:30:00+00:00,2151.2628859063234
2026-04-14 01:45:00+00:00,2154.495385906324
2026-04-14 09:00:00+00:00,2143.1393826391627
2026-04-14 23:30:00+00:00,2148.8138826391614
2026-04-15 00:15:00+00:00,2154.4568826391637
2026-04-15 05:00:00+00:00,2167.4193826391656
2026-04-15 10:15:00+00:00,2155.2828480142894
2026-04-15 12:30:00+00:00,2161.95434801429
2026-04-16 01:30:00+00:00,2164.68134801429
2026-04-16 05:15:00+00:00,2176.1713480142894
2026-04-16 10:00:00+00:00,2164.4287128699057
2026-04-16 14:30:00+00:00,2166.6562128699056
2026-04-17 09:30:00+00:00,2154.3196426471322
2026-04-17 12:15:00+00:00,2142.099615378404
2026-04-17 15:15:00+00:00,2162.8511153784034
2026-04-20 06:45:00+00:00,2150.9208091177998
2026-04-20 12:00:00+00:00,2160.046809117798
2026-04-20 14:45:00+00:00,2167.051809117799
2026-04-21 07:00:00+00:00,2178.3738091178
2026-04-21 12:30:00+00:00,2166.353621097585
2026-04-21 15:30:00+00:00,2154.514097923049
2026-04-21 17:00:00+00:00,2143.4501714751586
2026-04-21 17:45:00+00:00,2160.1421714751605
2026-04-22 08:15:00+00:00,2147.83800188354
2026-04-22 14:45:00+00:00,2136.6314339481933
2026-04-23 02:00:00+00:00,2143.0289339481933
2026-04-23 05:45:00+00:00,2153.911433948194
2026-04-23 10:00:00+00:00,2141.6003704296027
2026-04-23 11:45:00+00:00,2158.220370429604
2026-04-24 05:30:00+00:00,2167.3663704296046
2026-04-24 10:15:00+00:00,2155.3320902139617
2026-04-26 19:00:00+00:00,2176.446590213959
2026-04-27 07:00:00+00:00,2184.915590213958
2026-04-27 12:15:00+00:00,2172.741169335441
2026-04-27 17:00:00+00:00,2161.548346863818
2026-04-28 02:00:00+00:00,2148.7054441287296
2026-04-28 02:45:00+00:00,2135.7702451412406
2026-04-28 03:30:00+00:00,2143.193745141241
2026-04-28 08:15:00+00:00,2157.8937451412426
2026-04-29 01:45:00+00:00,2162.624745141248
2026-04-29 05:00:00+00:00,2150.3165719827266
2026-04-29 07:00:00+00:00,2162.6065719827284
2026-04-29 09:30:00+00:00,2166.5545719827287
2026-04-30 01:30:00+00:00,2175.9860719827266
2026-04-30 04:15:00+00:00,2163.433287880851
2026-04-30 08:00:00+00:00,2151.676538837842
2026-04-30 09:45:00+00:00,2139.7975386662124
2026-05-01 01:30:00+00:00,2143.435038666213
2026-05-01 11:15:00+00:00,2131.9401773646514
2026-05-01 12:00:00+00:00,2120.892450861564
2026-05-01 13:45:00+00:00,2133.0919508615616
2026-05-04 05:15:00+00:00,2140.144450861562
2026-05-04 10:00:00+00:00,2128.6199209270762
2026-05-04 16:00:00+00:00,2117.8766136289214
2026-05-05 05:00:00+00:00,2107.2636027142808
2026-05-05 06:00:00+00:00,2115.2911027142827
2026-05-05 08:15:00+00:00,2103.1286101980368
2026-05-05 09:00:00+00:00,2103.1611101980343
2026-05-05 13:00:00+00:00,2092.06436299393
2026-05-06 08:30:00+00:00,2081.137602597132
2026-05-06 10:30:00+00:00,2070.8295991607083
2026-05-07 03:30:00+00:00,2080.8720991607083
2026-05-07 09:30:00+00:00,2069.4952871636433
2026-05-07 17:15:00+00:00,2058.4233986185354
2026-05-07 19:15:00+00:00,2047.7100701911427
2026-05-08 06:00:00+00:00,2035.9388760703937
2026-05-08 08:15:00+00:00,2024.5993786432275
2026-05-08 12:30:00+00:00,2013.695276586482
2026-05-08 14:15:00+00:00,2021.0572765864829
2026-05-11 04:30:00+00:00,2009.691452778456
2026-05-11 08:00:00+00:00,1997.8013579221385
2026-05-11 08:15:00+00:00,1986.089311730676
2026-05-11 13:00:00+00:00,1974.5791363964422
2026-05-12 03:45:00+00:00,1962.8508168821786
2026-05-12 08:30:00+00:00,1951.486077562876
2026-05-12 11:00:00+00:00,1940.812650672672
2026-05-12 15:15:00+00:00,1930.5460847794807
2026-05-13 08:45:00+00:00,1919.2039825239765
2026-05-14 03:00:00+00:00,1928.4604825239776
2026-05-14 04:00:00+00:00,1928.2074825239756
2026-05-14 07:30:00+00:00,1926.7594825239742
2026-05-14 09:00:00+00:00,1926.0174825239746
2026-05-14 12:30:00+00:00,1915.4101563295771
2026-05-15 01:30:00+00:00,1904.274973383086
2026-05-15 05:00:00+00:00,1893.0903787500033
2026-05-15 05:45:00+00:00,1881.891144583134
2026-05-15 06:45:00+00:00,1871.269536646245
2026-05-18 06:00:00+00:00,1860.4256425987892
2026-05-18 07:30:00+00:00,1849.8843122284518
2026-05-18 11:30:00+00:00,1855.020312228449
2026-05-18 12:30:00+00:00,1845.5778528624994
2026-05-19 04:30:00+00:00,1835.3706637968455
2026-05-19 06:15:00+00:00,1841.2506637968465
2026-05-19 08:15:00+00:00,1830.604110946761
2026-05-19 08:45:00+00:00,1820.1071607191416
2026-05-20 00:15:00+00:00,1818.3306607191444
2026-05-20 03:30:00+00:00,1826.624660719145
2026-05-20 10:30:00+00:00,1834.764660719146
2026-05-20 15:30:00+00:00,1825.6684617833337
2026-05-21 02:00:00+00:00,1830.9934617833371
2026-05-21 06:00:00+00:00,1838.6864617833355
2026-05-21 08:15:00+00:00,1848.141461783335
2026-05-21 17:15:00+00:00,1855.113461783335
2026-05-22 05:45:00+00:00,1844.74080633565
2026-05-22 08:15:00+00:00,1847.3018063356487
2026-05-22 11:00:00+00:00,1837.2639885045937
2026-05-22 13:45:00+00:00,1844.5944885045942
2026-05-25 08:00:00+00:00,1847.3244885045951
2026-05-25 12:30:00+00:00,1836.6967007240175
2026-05-25 13:15:00+00:00,1841.3027007240164
2026-05-25 21:45:00+00:00,1829.5980102353333
2026-05-26 01:30:00+00:00,1818.3269472369097
2026-05-26 05:00:00+00:00,1807.3970394758032
2026-05-26 06:15:00+00:00,1814.0410394758064
2026-05-26 11:45:00+00:00,1820.6590394758057
2026-05-27 03:00:00+00:00,1809.3311187790105
2026-05-27 08:00:00+00:00,1816.6496187790087
2026-05-27 12:15:00+00:00,1822.1996187790069
2026-05-27 13:15:00+00:00,1821.614618779004
2026-05-28 01:45:00+00:00,1810.7285107499747
2026-05-28 03:00:00+00:00,1799.943876654561
2026-05-28 06:45:00+00:00,1823.493876654561
2026-05-28 14:00:00+00:00,1813.9393784227125
2026-05-29 01:45:00+00:00,1816.2428784227118
2026-05-29 03:00:00+00:00,1805.3480745648192
2026-05-29 06:00:00+00:00,1819.0600745648192
2026-05-29 07:30:00+00:00,1826.5000745648183
2026-06-01 00:45:00+00:00,1815.5756818795624
2026-06-01 03:30:00+00:00,1805.180525152552
2026-06-01 06:45:00+00:00,1794.322734122983
2026-06-01 09:15:00+00:00,1804.326234122983
2026-06-02 06:00:00+00:00,1792.738124188175
2026-06-02 08:00:00+00:00,1781.790084617824
2026-06-02 13:15:00+00:00,1787.812584617825
2026-06-02 16:15:00+00:00,1777.8279691590792
2026-06-03 00:30:00+00:00,1785.0369691590818
2026-06-03 07:30:00+00:00,1794.8544691590837
2026-06-03 10:00:00+00:00,1804.6774691590829
2026-06-03 14:45:00+00:00,1815.0999691590828
2026-06-04 06:30:00+00:00,1804.3842958724463
2026-06-04 11:00:00+00:00,1794.574467143743
2026-06-04 18:30:00+00:00,1784.6350061194498
2026-06-05 06:45:00+00:00,1797.5575061194493
2026-06-05 09:00:00+00:00,1786.7290740856574
2026-06-05 15:30:00+00:00,1777.4341149333377
2026-06-08 01:30:00+00:00,1793.6256149333394
2026-06-08 08:45:00+00:00,1784.1659963337397
2026-06-08 10:15:00+00:00,1794.2979963337411
2026-06-08 13:15:00+00:00,1784.7832923751553
2026-06-09 01:00:00+00:00,1790.0932923751564
2026-06-09 04:30:00+00:00,1779.0579895956669
2026-06-09 06:15:00+00:00,1768.2622282175516
2026-06-09 07:00:00+00:00,1772.945228217552
2026-06-10 03:15:00+00:00,1763.131182696923
2026-06-10 05:30:00+00:00,1753.17473528373
2026-06-10 11:00:00+00:00,1763.8847352837272
2026-06-10 12:30:00+00:00,1773.0347352837261
2026-06-11 08:15:00+00:00,1788.0112352837252
2026-06-11 10:00:00+00:00,1778.1407848869273
2026-06-11 11:30:00+00:00,1793.0787848869284
2026-06-11 16:15:00+00:00,1783.7399781553886
2026-06-12 05:45:00+00:00,1773.6555470901849
2026-06-12 06:30:00+00:00,1774.1945470901833
2026-06-12 09:15:00+00:00,1764.888940299217
2026-06-12 10:15:00+00:00,1776.288940299218
2026-06-15 05:00:00+00:00,1767.1415823074062
2026-06-15 06:30:00+00:00,1778.9780823074054
2026-06-15 14:30:00+00:00,1784.9830823074044
2026-06-15 19:00:00+00:00,1774.8695887926121
2026-06-15 19:45:00+00:00,1765.0548766560084
2026-06-16 06:45:00+00:00,1774.8198766560063
2026-06-16 09:00:00+00:00,1765.0079480841437
2026-06-16 15:45:00+00:00,1755.3938620779686
2026-06-17 08:00:00+00:00,1764.0138620779683
2026-06-17 10:45:00+00:00,1753.6545013348255
2026-06-17 11:00:00+00:00,1743.886836807441
2026-06-17 12:45:00+00:00,1753.294836807441
2026-06-17 19:00:00+00:00,1745.353313103831
2026-06-18 04:00:00+00:00,1735.957514989326
2026-06-18 08:00:00+00:00,1726.3094790439068
2026-06-18 10:00:00+00:00,1717.5244432086592
2026-06-18 15:45:00+00:00,1722.3754432086587
2026-06-19 03:00:00+00:00,1712.1116215907584
2026-06-19 04:45:00+00:00,1701.919643209023
2026-06-19 07:00:00+00:00,1725.580643209022
2026-06-19 12:45:00+00:00,1715.9171486183827
2026-06-22 02:15:00+00:00,1721.6371486183818
2026-06-22 05:30:00+00:00,1728.7591486183821
2026-06-22 09:00:00+00:00,1733.6731486183846
2026-06-22 18:45:00+00:00,1724.4079275245492
2026-06-23 02:45:00+00:00,1728.3434275245502
2026-06-23 06:00:00+00:00,1734.0734275245502
2026-06-23 10:45:00+00:00,1724.947352901088
2026-06-23 14:15:00+00:00,1716.1991748551902
2026-06-24 01:15:00+00:00,1705.8693155215726
2026-06-24 02:45:00+00:00,1695.507260657585
2026-06-24 04:00:00+00:00,1685.631065619305
2026-06-24 08:00:00+00:00,1676.6684004848241
2026-06-25 01:15:00+00:00,1676.5634004848237
2026-06-25 02:30:00+00:00,1667.2906780282628
2026-06-25 08:00:00+00:00,1678.406178028262
2026-06-25 12:30:00+00:00,1694.1066780282636
2026-06-26 01:45:00+00:00,1684.2380926470432
2026-06-26 03:30:00+00:00,1690.6520926470432
2026-06-26 05:30:00+00:00,1681.327318393338
2026-06-26 09:45:00+00:00,1672.867946431885
2026-06-29 03:45:00+00:00,1675.5589464318846
2026-06-29 14:00:00+00:00,1666.1760401928811
2026-06-29 14:30:00+00:00,1657.332618648027
2026-06-29 16:45:00+00:00,1649.1654071007604
2026-06-30 01:15:00+00:00,1639.0550028686387
2026-06-30 01:45:00+00:00,1629.47053315136
2026-06-30 04:15:00+00:00,1619.903964424451
2026-06-30 05:45:00+00:00,1610.7644246927173
2026-07-01 01:00:00+00:00,1601.536761449944
2026-07-01 01:45:00+00:00,1591.87341044605
2026-07-01 09:15:00+00:00,1582.9000929976007
2026-07-01 13:45:00+00:00,1583.8840929976018
2026-07-02 03:00:00+00:00,1589.1830929976043
2026-07-02 06:45:00+00:00,1579.541529028237
2026-07-02 12:30:00+00:00,1570.6967419103999
2026-07-02 12:45:00+00:00,1579.2917419103992
2026-07-03 01:00:00+00:00,1587.3452419104008
2026-07-03 09:45:00+00:00,1593.1682419104004
2026-07-03 11:00:00+00:00,1596.997741910399
2026-07-06 03:00:00+00:00,1602.646241910402
2026-07-06 07:00:00+00:00,1593.0060170916893
2026-07-06 09:45:00+00:00,1584.1531260616837
2026-07-06 13:15:00+00:00,1589.0081260616819
2026-07-07 07:00:00+00:00,1579.2436257740426
2026-07-07 11:45:00+00:00,1582.870625774043
2026-07-07 12:15:00+00:00,1573.8025209587634
2026-07-07 13:00:00+00:00,1577.3475209587627
